"日期","收盘","开盘","高","低","交易量","涨跌幅"
"2024-5-8","0.829","0.824","0.831","0.827","29.61M","-0.24%"
"2024-5-7","0.831","0.824","0.835","0.831","59.57M","0.24%"
"2024-5-6","0.829","0.824","0.830","0.821","131.39M","-3.27%"
"2024-4-30","0.857","0.824","0.860","0.855","59.73M","0.47%"
"2024-4-29","0.853","0.853","0.858","0.851","81.08M","-1.04%"
"2024-4-26","0.862","0.858","0.865","0.858","88.57M","1.17%"
"2024-4-25","0.852","0.851","0.852","0.849","58.92M","0.00%"
"2024-4-24","0.852","0.848","0.854","0.847","51.88M","1.31%"
"2024-4-23","0.841","0.843","0.844","0.839","59.60M","1.45%"
"2024-4-22","0.829","0.832","0.836","0.827","75.35M","-1.31%"
"2024-4-19","0.840","0.837","0.854","0.837","267.58M","0.84%"
"2024-4-18","0.833","0.830","0.834","0.823","101.30M","-0.60%"
"2024-4-17","0.838","0.836","0.843","0.833","95.59M","-0.24%"
"2024-4-16","0.840","0.855","0.857","0.838","134.97M","-2.78%"
"2024-4-15","0.864","0.870","0.875","0.860","158.10M","-2.15%"
"2024-4-12","0.883","0.879","0.890","0.877","138.26M","0.00%"
"2024-4-11","0.883","0.878","0.885","0.875","119.41M","0.91%"
"2024-4-10","0.875","0.875","0.876","0.871","81.59M","-0.11%"
"2024-4-9","0.876","0.881","0.883","0.869","132.80M","-0.57%"
"2024-4-8","0.881","0.876","0.901","0.872","161.30M","-0.56%"
"2024-4-3","0.886","0.887","0.899","0.882","138.61M","1.14%"
"2024-4-2","0.876","0.869","0.913","0.869","244.68M","-0.68%"
"2024-4-1","0.882","0.871","0.884","0.859","125.31M","2.08%"
"2024-3-29","0.864","0.853","0.865","0.853","95.51M","2.61%"
"2024-3-28","0.842","0.842","0.844","0.840","41.40M","1.69%"
"2024-3-27","0.828","0.826","0.832","0.825","46.87M","-1.78%"
"2024-3-26","0.843","0.846","0.849","0.842","55.14M","0.36%"
"2024-3-25","0.840","0.837","0.840","0.831","61.63M","0.36%"
"2024-3-22","0.837","0.827","0.838","0.827","65.23M","1.33%"
"2024-3-21","0.826","0.824","0.829","0.824","41.44M","0.85%"
"2024-3-20","0.819","0.821","0.824","0.819","36.62M","0.74%"
"2024-3-19","0.813","0.818","0.818","0.811","53.31M","-0.61%"
"2024-3-18","0.818","0.816","0.821","0.816","63.66M","0.37%"
"2024-3-15","0.815","0.810","0.816","0.810","83.24M","1.12%"
"2024-3-14","0.806","0.807","0.809","0.806","43.71M","1.64%"
"2024-3-13","0.793","0.788","0.793","0.786","37.88M","0.63%"
"2024-3-12","0.788","0.787","0.789","0.784","50.95M","0.90%"
"2024-3-11","0.781","0.781","0.783","0.780","31.14M","-0.51%"
"2024-3-8","0.785","0.781","0.786","0.781","43.55M","1.16%"
"2024-3-7","0.776","0.780","0.782","0.775","39.25M","-0.39%"
"2024-3-6","0.779","0.779","0.780","0.774","64.67M","0.26%"
"2024-3-5","0.777","0.777","0.782","0.773","51.18M","-1.52%"
"2024-3-4","0.789","0.789","0.793","0.786","68.02M","1.41%"
"2024-3-1","0.778","0.770","0.779","0.769","62.43M","1.57%"
"2024-2-29","0.766","0.765","0.769","0.764","26.84M","-0.78%"
"2024-2-28","0.772","0.767","0.773","0.766","52.62M","0.78%"
"2024-2-27","0.766","0.767","0.768","0.766","25.61M","0.52%"
"2024-2-26","0.762","0.759","0.764","0.758","23.37M","-0.52%"
"2024-2-23","0.766","0.765","0.768","0.763","37.53M","-0.13%"
"2024-2-22","0.767","0.764","0.772","0.760","122.64M","2.95%"
"2024-2-21","0.745","0.747","0.748","0.743","81.47M","-1.19%"
"2024-2-20","0.754","0.752","0.756","0.752","27.72M","0.27%"
"2024-2-19","0.752","0.756","0.757","0.750","68.68M","2.04%"
"2024-2-8","0.737","0.730","0.737","0.728","39.31M","1.80%"
"2024-2-7","0.724","0.723","0.726","0.722","39.10M","0.56%"
"2024-2-6","0.720","0.719","0.720","0.716","51.77M","-0.14%"
"2024-2-5","0.721","0.721","0.725","0.718","36.24M","-0.96%"
"2024-2-2","0.728","0.729","0.732","0.724","70.47M","-0.41%"
"2024-2-1","0.731","0.734","0.736","0.730","57.76M","-2.53%"
"2024-1-31","0.750","0.750","0.753","0.748","59.73M","1.35%"
"2024-1-30","0.740","0.742","0.743","0.737","52.16M","-0.54%"
"2024-1-29","0.744","0.738","0.744","0.738","45.74M","1.22%"
"2024-1-26","0.735","0.732","0.736","0.731","49.95M","1.52%"
"2024-1-25","0.724","0.726","0.726","0.720","77.87M","0.70%"
"2024-1-24","0.719","0.715","0.722","0.714","57.48M","0.14%"
"2024-1-23","0.718","0.715","0.719","0.714","54.20M","1.27%"
"2024-1-22","0.709","0.713","0.714","0.708","43.50M","-0.70%"
"2024-1-19","0.714","0.717","0.717","0.712","36.42M","-0.42%"
"2024-1-18","0.717","0.715","0.718","0.713","47.61M","0.00%"
"2024-1-17","0.717","0.721","0.724","0.717","65.89M","-3.11%"
"2024-1-16","0.740","0.740","0.741","0.738","38.00M","-0.13%"
"2024-1-15","0.741","0.738","0.742","0.738","36.60M","0.00%"
"2024-1-12","0.741","0.737","0.742","0.737","102.79M","0.68%"
"2024-1-11","0.736","0.733","0.736","0.730","47.49M","-0.27%"
"2024-1-10","0.738","0.739","0.742","0.737","38.68M","-0.27%"
"2024-1-9","0.740","0.730","0.745","0.730","56.97M","0.00%"
"2024-1-8","0.740","0.756","0.758","0.737","82.71M","-1.99%"
"2024-1-5","0.755","0.756","0.758","0.754","77.49M","-2.08%"
"2024-1-4","0.771","0.766","0.772","0.766","75.14M","1.98%"
"2024-1-3","0.756","0.759","0.761","0.756","39.48M","-1.31%"
"2024-1-2","0.766","0.757","0.767","0.757","72.50M","1.46%"
"2023-12-29","0.755","0.754","0.759","0.753","84.38M","-1.82%"
"2023-12-28","0.769","0.776","0.778","0.766","74.81M","-1.54%"
"2023-12-27","0.781","0.775","0.782","0.775","55.16M","1.56%"
"2023-12-26","0.769","0.762","0.773","0.762","50.64M","0.26%"
"2023-12-25","0.767","0.772","0.772","0.757","61.02M","-0.52%"
"2023-12-22","0.771","0.764","0.773","0.762","71.41M","1.58%"
"2023-12-21","0.759","0.749","0.759","0.748","58.42M","-0.78%"
"2023-12-20","0.765","0.760","0.765","0.759","76.41M","1.86%"
"2023-12-19","0.751","0.755","0.756","0.749","41.58M","-0.40%"
"2023-12-18","0.754","0.744","0.754","0.744","39.89M","0.94%"
"2023-12-15","0.747","0.744","0.747","0.743","76.50M","3.32%"
"2023-12-14","0.723","0.723","0.724","0.720","44.43M","2.12%"
"2023-12-13","0.708","0.711","0.714","0.708","72.23M","-3.01%"
"2023-12-12","0.730","0.730","0.731","0.726","28.52M","-0.27%"
"2023-12-11","0.732","0.726","0.733","0.725","39.10M","0.97%"
"2023-12-8","0.725","0.716","0.728","0.715","104.79M","0.97%"
"2023-12-7","0.718","0.720","0.720","0.716","50.68M","-2.18%"
"2023-12-6","0.734","0.736","0.738","0.733","56.64M","-1.61%"
"2023-12-5","0.746","0.749","0.750","0.746","41.41M","-0.67%"
"2023-12-4","0.751","0.755","0.755","0.750","26.69M","-0.53%"
"2023-12-1","0.755","0.747","0.756","0.746","49.99M","0.67%"
"2023-11-30","0.750","0.747","0.751","0.744","56.47M","0.13%"
"2023-11-29","0.749","0.754","0.754","0.748","49.35M","-0.53%"
"2023-11-28","0.753","0.752","0.754","0.750","33.93M","0.00%"
"2023-11-27","0.753","0.753","0.756","0.750","34.75M","0.00%"
"2023-11-24","0.753","0.752","0.754","0.751","26.09M","0.27%"
"2023-11-23","0.751","0.749","0.752","0.748","40.03M","-0.27%"
"2023-11-22","0.753","0.755","0.756","0.752","36.73M","-0.53%"
"2023-11-21","0.757","0.761","0.762","0.756","62.95M","-0.92%"
"2023-11-20","0.764","0.763","0.766","0.761","75.16M","1.73%"
"2023-11-17","0.751","0.755","0.755","0.750","82.45M","-2.34%"
"2023-11-16","0.769","0.768","0.769","0.766","62.11M","-0.77%"
"2023-11-15","0.775","0.772","0.776","0.770","80.34M","0.91%"
"2023-11-14","0.768","0.767","0.769","0.765","70.92M","1.19%"
"2023-11-13","0.759","0.759","0.760","0.756","53.82M","-0.13%"
"2023-11-10","0.760","0.756","0.761","0.755","73.45M","-0.13%"
"2023-11-9","0.761","0.764","0.764","0.757","109.62M","-1.68%"
"2023-11-8","0.774","0.766","0.775","0.766","80.27M","-1.65%"
"2023-11-7","0.787","0.788","0.790","0.786","76.52M","-2.72%"
"2023-11-6","0.809","0.811","0.813","0.807","58.58M","-1.22%"
"2023-11-3","0.819","0.819","0.819","0.815","46.93M","1.87%"
"2023-11-2","0.804","0.801","0.805","0.800","42.02M","0.37%"
"2023-11-1","0.801","0.799","0.802","0.798","46.40M","0.63%"
"2023-10-31","0.796","0.793","0.797","0.792","44.98M","0.00%"
"2023-10-30","0.796","0.795","0.799","0.792","105.53M","-2.21%"
"2023-10-27","0.814","0.803","0.814","0.802","65.48M","1.75%"
"2023-10-26","0.800","0.803","0.809","0.799","42.39M","-0.25%"
"2023-10-25","0.802","0.800","0.804","0.796","79.62M","-0.87%"
"2023-10-24","0.809","0.813","0.814","0.808","50.36M","-1.10%"
"2023-10-23","0.818","0.823","0.827","0.811","79.54M","-3.08%"
"2023-10-20","0.844","0.842","0.846","0.841","75.40M","0.48%"
"2023-10-19","0.840","0.843","0.844","0.838","66.74M","-0.24%"
"2023-10-18","0.842","0.839","0.845","0.839","79.91M","2.18%"
"2023-10-17","0.824","0.824","0.827","0.820","65.29M","0.24%"
"2023-10-16","0.822","0.818","0.824","0.818","90.66M","2.24%"
"2023-10-13","0.804","0.800","0.805","0.800","49.64M","0.88%"
"2023-10-12","0.797","0.800","0.801","0.795","78.27M","-1.12%"
"2023-10-11","0.806","0.803","0.806","0.800","50.75M","0.50%"
"2023-10-10","0.802","0.806","0.807","0.801","64.86M","0.38%"
"2023-10-9","0.799","0.803","0.805","0.796","155.54M","-4.20%"
"2023-9-28","0.834","0.830","0.836","0.830","83.82M","3.22%"
"2023-9-27","0.808","0.804","0.810","0.803","40.43M","1.00%"
"2023-9-26","0.800","0.803","0.804","0.796","63.43M","0.50%"
"2023-9-25","0.796","0.798","0.798","0.792","30.35M","-0.38%"
"2023-9-22","0.799","0.789","0.803","0.789","68.97M","1.52%"
"2023-9-21","0.787","0.794","0.797","0.785","123.39M","-1.75%"
"2023-9-20","0.801","0.811","0.811","0.801","100.85M","-2.55%"
"2023-9-19","0.822","0.827","0.829","0.821","73.29M","-1.44%"
"2023-9-18","0.834","0.826","0.836","0.824","57.37M","-1.18%"
"2023-9-15","0.844","0.847","0.847","0.842","69.49M","-0.24%"
"2023-9-14","0.846","0.838","0.846","0.835","74.01M","-0.35%"
"2023-9-13","0.849","0.845","0.850","0.841","80.11M","3.03%"
"2023-9-12","0.824","0.832","0.833","0.822","92.64M","-2.83%"
"2023-9-11","0.848","0.847","0.848","0.843","47.57M","1.19%"
"2023-9-8","0.838","0.830","0.838","0.830","39.63M","0.60%"
"2023-9-7","0.833","0.836","0.837","0.829","46.71M","-0.36%"
"2023-9-6","0.836","0.835","0.842","0.834","50.40M","-0.12%"
"2023-9-5","0.837","0.836","0.840","0.835","33.85M","0.24%"
"2023-9-4","0.835","0.834","0.835","0.830","62.21M","2.20%"
"2023-9-1","0.817","0.818","0.820","0.814","42.13M","0.12%"
"2023-8-31","0.816","0.816","0.820","0.816","41.99M","0.12%"
"2023-8-30","0.815","0.810","0.817","0.808","60.38M","1.49%"
"2023-8-29","0.803","0.807","0.809","0.801","52.80M","-0.50%"
"2023-8-28","0.807","0.797","0.807","0.797","82.50M","1.64%"
"2023-8-25","0.794","0.790","0.795","0.789","100.19M","-0.25%"
"2023-8-24","0.796","0.797","0.800","0.794","74.00M","-1.24%"
"2023-8-23","0.806","0.806","0.810","0.805","50.03M","-1.10%"
"2023-8-22","0.815","0.818","0.818","0.811","65.98M","-1.09%"
"2023-8-21","0.824","0.819","0.825","0.819","56.88M","1.60%"
"2023-8-18","0.811","0.809","0.812","0.807","69.04M","2.01%"
"2023-8-17","0.795","0.793","0.795","0.784","80.91M","0.13%"
"2023-8-16","0.794","0.800","0.802","0.794","88.33M","-3.05%"
"2023-8-15","0.819","0.813","0.821","0.811","63.52M","0.37%"
"2023-8-14","0.816","0.818","0.823","0.810","87.94M","0.62%"
"2023-8-11","0.811","0.805","0.811","0.805","55.52M","-1.10%"
"2023-8-10","0.820","0.814","0.821","0.814","72.85M","1.99%"
"2023-8-9","0.804","0.797","0.804","0.796","49.92M","2.29%"
"2023-8-8","0.786","0.796","0.797","0.786","37.17M","-0.88%"
"2023-8-7","0.793","0.786","0.795","0.785","50.16M","1.28%"
"2023-8-4","0.783","0.779","0.784","0.779","53.02M","2.76%"
"2023-8-3","0.762","0.767","0.772","0.761","77.14M","-2.56%"
"2023-8-2","0.782","0.784","0.788","0.782","51.78M","0.13%"
"2023-8-1","0.781","0.779","0.783","0.777","65.49M","2.09%"
"2023-7-31","0.765","0.763","0.766","0.761","47.51M","1.59%"
"2023-7-28","0.753","0.754","0.757","0.750","53.24M","-1.05%"
"2023-7-27","0.761","0.758","0.763","0.758","39.79M","1.33%"
"2023-7-26","0.751","0.757","0.760","0.750","81.09M","-0.92%"
"2023-7-25","0.758","0.758","0.762","0.757","63.73M","1.34%"
"2023-7-24","0.748","0.745","0.750","0.743","29.63M","0.00%"
"2023-7-21","0.748","0.741","0.749","0.741","53.48M","2.05%"
"2023-7-20","0.733","0.737","0.737","0.731","38.31M","-0.54%"
"2023-7-19","0.737","0.729","0.739","0.728","54.16M","3.51%"
"2023-7-18","0.712","0.711","0.713","0.711","29.40M","0.85%"
"2023-7-17","0.706","0.709","0.711","0.705","61.72M","-2.75%"
"2023-7-14","0.726","0.733","0.734","0.726","32.33M","-0.82%"
"2023-7-13","0.732","0.733","0.734","0.732","28.72M","0.14%"
"2023-7-12","0.731","0.733","0.734","0.729","42.94M","1.53%"
"2023-7-11","0.720","0.717","0.721","0.716","36.68M","1.69%"
"2023-7-10","0.708","0.710","0.711","0.708","45.95M","1.87%"
"2023-7-7","0.695","0.696","0.700","0.695","53.58M","-2.52%"
"2023-7-6","0.713","0.715","0.715","0.710","35.39M","-0.97%"
"2023-7-5","0.720","0.715","0.720","0.715","35.63M","1.12%"
"2023-7-4","0.712","0.715","0.716","0.711","25.35M","-0.28%"
"2023-7-3","0.714","0.713","0.714","0.711","42.45M","0.71%"
"2023-6-30","0.709","0.710","0.711","0.708","47.20M","1.72%"
"2023-6-29","0.697","0.698","0.699","0.695","33.36M","0.87%"
"2023-6-28","0.691","0.689","0.692","0.688","30.42M","0.29%"
"2023-6-27","0.689","0.688","0.691","0.687","33.03M","0.73%"
"2023-6-26","0.684","0.677","0.685","0.675","23.37M","0.00%"
"2023-6-21","0.684","0.685","0.686","0.682","39.11M","-1.01%"
"2023-6-20","0.691","0.695","0.695","0.690","21.05M","-0.29%"
"2023-6-19","0.693","0.692","0.694","0.690","29.85M","0.14%"
"2023-6-16","0.692","0.692","0.693","0.690","62.22M","1.32%"
"2023-6-15","0.683","0.682","0.684","0.679","55.38M","-1.73%"
"2023-6-14","0.695","0.694","0.695","0.689","42.06M","0.72%"
"2023-6-13","0.690","0.680","0.690","0.680","55.76M","0.44%"
"2023-6-12","0.687","0.690","0.691","0.684","48.44M","-1.15%"
"2023-6-9","0.695","0.695","0.696","0.692","39.20M","-0.29%"
"2023-6-8","0.697","0.699","0.700","0.695","88.88M","3.41%"
"2023-6-7","0.674","0.676","0.677","0.674","50.71M","1.66%"
"2023-6-6","0.663","0.666","0.668","0.661","56.83M","-2.50%"
"2023-6-5","0.680","0.675","0.680","0.673","90.48M","3.82%"
"2023-6-2","0.655","0.651","0.655","0.647","65.58M","0.92%"
"2023-6-1","0.649","0.642","0.649","0.642","40.20M","0.31%"
"2023-5-31","0.647","0.648","0.650","0.644","64.81M","-2.27%"
"2023-5-30","0.662","0.665","0.666","0.658","53.80M","-0.45%"
"2023-5-29","0.665","0.665","0.666","0.664","34.36M","0.61%"
"2023-5-26","0.661","0.666","0.666","0.661","53.84M","-2.94%"
"2023-5-25","0.681","0.682","0.684","0.679","55.23M","0.15%"
"2023-5-24","0.680","0.681","0.682","0.678","71.02M","0.89%"
"2023-5-23","0.674","0.670","0.675","0.670","67.16M","2.90%"
"2023-5-22","0.655","0.663","0.663","0.654","45.67M","-1.65%"
"2023-5-19","0.666","0.659","0.666","0.658","88.60M","2.62%"
"2023-5-18","0.649","0.648","0.651","0.646","61.78M","1.72%"
"2023-5-17","0.638","0.637","0.642","0.637","54.28M","-1.85%"
"2023-5-16","0.650","0.648","0.652","0.648","55.83M","1.88%"
"2023-5-15","0.638","0.634","0.639","0.633","62.78M","1.27%"
"2023-5-12","0.630","0.635","0.635","0.630","66.56M","-1.72%"
"2023-5-11","0.641","0.638","0.644","0.637","52.00M","0.16%"
"2023-5-10","0.640","0.642","0.643","0.639","44.92M","-0.47%"
"2023-5-9","0.643","0.648","0.648","0.642","65.78M","-1.38%"
"2023-5-8","0.652","0.651","0.654","0.649","66.02M","1.24%"
"2023-5-5","0.644","0.638","0.647","0.638","74.91M","-0.31%"
"2023-5-4","0.646","0.640","0.648","0.639","84.42M","-3.00%"
"2023-4-28","0.666","0.660","0.666","0.660","39.17M","1.06%"
"2023-4-27","0.659","0.661","0.662","0.658","49.72M","-2.23%"
"2023-4-26","0.674","0.667","0.675","0.666","33.65M","-1.61%"
"2023-4-25","0.685","0.681","0.685","0.681","30.55M","2.70%"
"2023-4-24","0.667","0.673","0.674","0.666","22.24M","-1.33%"
"2023-4-21","0.676","0.676","0.679","0.676","24.80M","-0.88%"
"2023-4-20","0.682","0.685","0.685","0.681","34.49M","-1.30%"
"2023-4-19","0.691","0.695","0.696","0.690","35.31M","-0.86%"
"2023-4-18","0.697","0.698","0.699","0.696","35.97M","-1.55%"
"2023-4-17","0.708","0.706","0.710","0.705","33.58M","0.28%"
"2023-4-14","0.706","0.707","0.708","0.705","31.32M","0.14%"
"2023-4-13","0.705","0.705","0.705","0.702","38.45M","-0.70%"
"2023-4-12","0.710","0.711","0.711","0.708","45.28M","0.85%"
"2023-4-11","0.704","0.699","0.704","0.699","77.27M","2.47%"
"2023-4-10","0.687","0.688","0.688","0.684","34.60M","0.44%"
"2023-4-7","0.684","0.684","0.685","0.682","42.06M","-1.01%"
"2023-4-6","0.691","0.695","0.695","0.689","72.12M","-1.71%"
"2023-4-4","0.703","0.705","0.706","0.701","111.49M","1.44%"
"2023-4-3","0.693","0.688","0.699","0.688","151.68M","4.52%"
"2023-3-31","0.663","0.664","0.665","0.661","42.87M","0.00%"
"2023-3-30","0.663","0.664","0.666","0.661","83.74M","0.45%"
"2023-3-29","0.660","0.659","0.661","0.657","77.98M","1.38%"
"2023-3-28","0.651","0.653","0.655","0.649","69.18M","1.56%"
"2023-3-27","0.641","0.635","0.642","0.633","66.68M","0.94%"
"2023-3-24","0.635","0.630","0.635","0.628","120.48M","-0.63%"
"2023-3-23","0.639","0.636","0.639","0.635","116.12M","-1.54%"
"2023-3-22","0.649","0.647","0.651","0.647","122.97M","2.53%"
"2023-3-21","0.633","0.634","0.635","0.631","85.80M","0.64%"
"2023-3-20","0.629","0.636","0.638","0.628","138.10M","-3.23%"
"2023-3-17","0.650","0.650","0.654","0.647","126.11M","-0.61%"
"2023-3-16","0.654","0.652","0.657","0.651","117.15M","-4.11%"
"2023-3-15","0.682","0.678","0.682","0.676","58.26M","0.89%"
"2023-3-14","0.676","0.680","0.685","0.675","92.02M","-3.01%"
"2023-3-13","0.697","0.686","0.697","0.686","57.14M","0.72%"
"2023-3-10","0.692","0.699","0.699","0.691","93.68M","-2.54%"
"2023-3-9","0.710","0.713","0.713","0.709","43.91M","-1.39%"
"2023-3-8","0.720","0.719","0.721","0.718","31.19M","-1.23%"
"2023-3-7","0.729","0.730","0.735","0.727","100.68M","-0.55%"
"2023-3-6","0.733","0.733","0.734","0.730","85.31M","1.66%"
"2023-3-3","0.721","0.719","0.721","0.718","80.34M","1.69%"
"2023-3-2","0.709","0.713","0.713","0.707","53.75M","0.71%"
"2023-3-1","0.704","0.703","0.705","0.699","71.84M","-1.12%"
"2023-2-28","0.712","0.711","0.713","0.709","67.34M","0.99%"
"2023-2-27","0.705","0.706","0.706","0.703","57.04M","0.71%"
"2023-2-24","0.700","0.701","0.704","0.699","69.90M","0.57%"
"2023-2-23","0.696","0.692","0.697","0.690","41.62M","0.58%"
"2023-2-22","0.692","0.689","0.693","0.688","46.56M","-0.57%"
"2023-2-21","0.696","0.694","0.699","0.694","48.78M","-0.43%"
"2023-2-20","0.699","0.695","0.703","0.690","96.67M","-1.69%"
"2023-2-17","0.711","0.716","0.716","0.710","45.67M","-1.80%"
"2023-2-16","0.724","0.719","0.724","0.718","53.78M","0.42%"
"2023-2-15","0.721","0.725","0.727","0.718","51.46M","-0.14%"
"2023-2-14","0.722","0.720","0.724","0.719","67.34M","0.28%"
"2023-2-13","0.720","0.715","0.720","0.715","101.33M","2.71%"
"2023-2-10","0.701","0.703","0.703","0.699","55.08M","-1.41%"
"2023-2-9","0.711","0.709","0.712","0.707","40.48M","-0.42%"
"2023-2-8","0.714","0.712","0.715","0.711","57.10M","1.56%"
"2023-2-7","0.703","0.697","0.704","0.695","68.89M","0.00%"
"2023-2-6","0.703","0.704","0.704","0.701","30.29M","-0.14%"
"2023-2-3","0.704","0.705","0.705","0.701","61.57M","-1.26%"
"2023-2-2","0.713","0.708","0.715","0.708","94.18M","-0.97%"
"2023-2-1","0.720","0.723","0.724","0.719","43.77M","0.98%"
"2023-1-31","0.713","0.715","0.715","0.710","58.27M","-1.93%"
"2023-1-30","0.727","0.732","0.736","0.726","102.06M","0.69%"
"2023-1-20","0.722","0.719","0.722","0.715","76.43M","2.70%"
"2023-1-19","0.703","0.708","0.708","0.700","75.76M","-2.23%"
"2023-1-18","0.719","0.712","0.719","0.712","75.47M","1.84%"
"2023-1-17","0.706","0.705","0.708","0.703","35.38M","0.14%"
"2023-1-16","0.705","0.708","0.708","0.703","36.47M","-0.28%"
"2023-1-13","0.707","0.706","0.708","0.705","57.80M","1.58%"
"2023-1-12","0.696","0.696","0.698","0.693","44.81M","0.58%"
"2023-1-11","0.692","0.691","0.694","0.690","36.28M","0.29%"
"2023-1-10","0.690","0.699","0.700","0.690","60.45M","-1.29%"
"2023-1-9","0.699","0.701","0.706","0.698","72.09M","-0.43%"
"2023-1-6","0.702","0.693","0.703","0.692","68.25M","1.01%"
"2023-1-5","0.695","0.690","0.696","0.689","57.03M","0.43%"
"2023-1-4","0.692","0.690","0.693","0.688","102.98M","-3.76%"
"2023-1-3","0.719","0.717","0.720","0.712","37.66M","0.14%"
"2022-12-30","0.718","0.719","0.720","0.716","44.46M","1.56%"
"2022-12-29","0.707","0.709","0.711","0.706","64.70M","-3.81%"
"2022-12-28","0.735","0.733","0.737","0.733","36.37M","-0.27%"
"2022-12-27","0.737","0.742","0.742","0.734","61.62M","0.82%"
"2022-12-26","0.731","0.730","0.734","0.728","64.04M","2.96%"
"2022-12-23","0.710","0.708","0.715","0.707","65.31M","-3.01%"
"2022-12-22","0.732","0.726","0.734","0.725","90.23M","2.52%"
"2022-12-21","0.714","0.710","0.715","0.708","67.52M","2.00%"
"2022-12-20","0.700","0.708","0.708","0.695","70.03M","-2.23%"
"2022-12-19","0.716","0.721","0.724","0.714","61.59M","-0.56%"
"2022-12-16","0.720","0.717","0.727","0.717","124.41M","1.12%"
"2022-12-15","0.712","0.720","0.721","0.711","106.58M","-2.20%"
"2022-12-14","0.728","0.744","0.744","0.727","111.15M","-2.41%"
"2022-12-13","0.746","0.733","0.749","0.732","130.05M","2.75%"
"2022-12-12","0.726","0.721","0.729","0.720","45.15M","-1.36%"
"2022-12-9","0.736","0.726","0.741","0.726","74.69M","-2.13%"
"2022-12-8","0.752","0.737","0.752","0.732","39.49M","1.08%"
"2022-12-7","0.744","0.750","0.753","0.742","54.83M","-3.25%"
"2022-12-6","0.769","0.760","0.784","0.759","57.59M","-2.66%"
"2022-12-5","0.790","0.802","0.802","0.788","40.51M","-1.50%"
"2022-12-2","0.802","0.802","0.808","0.800","35.36M","-1.84%"
"2022-12-1","0.817","0.823","0.824","0.815","30.49M","-0.12%"
"2022-11-30","0.818","0.821","0.822","0.815","26.99M","-0.49%"
"2022-11-29","0.822","0.811","0.835","0.811","55.35M","0.37%"
"2022-11-28","0.819","0.823","0.826","0.813","53.52M","-2.27%"
"2022-11-25","0.838","0.836","0.839","0.834","40.41M","0.60%"
"2022-11-24","0.833","0.835","0.835","0.830","38.03M","-1.19%"
"2022-11-23","0.843","0.844","0.847","0.841","44.18M","3.06%"
"2022-11-22","0.818","0.814","0.819","0.814","29.44M","-0.12%"
"2022-11-21","0.819","0.820","0.825","0.815","41.78M","-1.33%"
"2022-11-18","0.830","0.827","0.834","0.827","44.88M","0.24%"
"2022-11-17","0.828","0.828","0.830","0.824","47.06M","-2.13%"
"2022-11-16","0.846","0.848","0.850","0.844","36.18M","1.08%"
"2022-11-15","0.837","0.834","0.839","0.832","37.46M","-0.83%"
"2022-11-14","0.844","0.857","0.859","0.830","58.85M","0.00%"
"2022-11-11","0.844","0.836","0.846","0.835","61.43M","3.43%"
"2022-11-10","0.816","0.818","0.818","0.814","78.63M","-6.10%"
"2022-11-9","0.869","0.864","0.869","0.861","32.89M","-0.11%"
"2022-11-8","0.870","0.872","0.872","0.866","41.75M","3.33%"
"2022-11-7","0.842","0.845","0.845","0.832","81.95M","-0.36%"
"2022-11-4","0.845","0.830","0.848","0.829","59.52M","3.43%"
"2022-11-3","0.817","0.822","0.822","0.814","29.42M","-2.39%"
"2022-11-2","0.837","0.834","0.840","0.834","36.25M","1.09%"
"2022-11-1","0.828","0.814","0.828","0.814","44.92M","3.89%"
"2022-10-31","0.797","0.805","0.805","0.796","32.78M","-0.50%"
"2022-10-28","0.801","0.807","0.809","0.799","31.66M","-1.11%"
"2022-10-27","0.810","0.811","0.812","0.808","38.65M","2.14%"
"2022-10-26","0.793","0.797","0.798","0.791","46.96M","-0.50%"
"2022-10-25","0.797","0.785","0.797","0.785","37.21M","2.18%"
"2022-10-24","0.780","0.790","0.791","0.779","36.90M","1.30%"
"2022-10-21","0.770","0.773","0.775","0.770","42.18M","-1.91%"
"2022-10-20","0.785","0.782","0.785","0.777","67.51M","3.29%"
"2022-10-19","0.760","0.767","0.771","0.758","54.50M","-0.78%"
"2022-10-18","0.766","0.757","0.768","0.757","51.72M","2.13%"
"2022-10-17","0.750","0.745","0.753","0.743","58.41M","-3.60%"
"2022-10-14","0.778","0.772","0.778","0.772","57.81M","4.15%"
"2022-10-13","0.747","0.748","0.750","0.746","32.52M","0.13%"
"2022-10-12","0.746","0.740","0.748","0.736","65.05M","0.67%"
"2022-10-11","0.741","0.743","0.747","0.740","98.14M","0.68%"
"2022-10-10","0.736","0.736","0.736","0.736","29.29M","10.01%"
"2022-9-30","0.669","0.666","0.669","0.661","74.06M","0.90%"
"2022-9-29","0.663","0.673","0.675","0.657","119.07M","5.41%"
"2022-9-28","0.629","0.639","0.639","0.628","86.07M","-0.94%"
"2022-9-27","0.635","0.623","0.636","0.623","84.26M","0.32%"
"2022-9-26","0.633","0.640","0.645","0.630","117.41M","-7.86%"
"2022-9-23","0.687","0.696","0.697","0.686","55.45M","-2.28%"
"2022-9-22","0.703","0.696","0.707","0.693","73.16M","-2.50%"
"2022-9-21","0.721","0.702","0.721","0.701","72.91M","0.70%"
"2022-9-20","0.716","0.711","0.719","0.710","59.66M","1.56%"
"2022-9-19","0.705","0.719","0.722","0.705","80.74M","-4.08%"
"2022-9-16","0.735","0.731","0.735","0.730","48.74M","-2.13%"
"2022-9-15","0.751","0.753","0.755","0.750","77.91M","2.88%"
"2022-9-14","0.730","0.731","0.733","0.728","53.21M","-2.54%"
"2022-9-13","0.749","0.745","0.752","0.745","92.27M","2.88%"
"2022-9-9","0.728","0.726","0.732","0.725","66.83M","1.11%"
"2022-9-8","0.720","0.729","0.730","0.718","82.28M","-2.04%"
"2022-9-7","0.735","0.738","0.742","0.734","107.84M","-3.92%"
"2022-9-6","0.765","0.770","0.776","0.758","89.34M","0.00%"
"2022-9-5","0.765","0.741","0.771","0.741","103.93M","3.80%"
"2022-9-2","0.737","0.728","0.738","0.723","87.22M","-0.67%"
"2022-9-1","0.742","0.740","0.746","0.740","77.38M","0.68%"
"2022-8-31","0.737","0.744","0.747","0.736","102.98M","-5.39%"
"2022-8-30","0.779","0.777","0.780","0.774","61.62M","1.43%"
"2022-8-29","0.768","0.764","0.773","0.757","85.36M","0.13%"
"2022-8-26","0.767","0.770","0.775","0.763","94.56M","-0.78%"
"2022-8-25","0.773","0.770","0.779","0.769","98.02M","1.84%"
"2022-8-24","0.759","0.758","0.763","0.752","84.65M","1.88%"
"2022-8-23","0.745","0.733","0.745","0.733","74.55M","2.76%"
"2022-8-22","0.725","0.728","0.729","0.725","32.18M","-0.82%"
"2022-8-19","0.731","0.737","0.739","0.728","68.70M","2.67%"
"2022-8-18","0.712","0.706","0.715","0.706","42.50M","1.14%"
"2022-8-17","0.704","0.694","0.705","0.694","78.90M","1.88%"
"2022-8-16","0.691","0.690","0.693","0.688","48.98M","-1.29%"
"2022-8-15","0.700","0.705","0.706","0.700","65.09M","-0.28%"
"2022-8-12","0.702","0.701","0.704","0.700","76.50M","3.54%"
"2022-8-11","0.678","0.676","0.680","0.674","66.58M","2.26%"
"2022-8-10","0.663","0.667","0.669","0.660","70.56M","0.91%"
"2022-8-9","0.657","0.665","0.665","0.656","76.83M","-1.20%"
"2022-8-8","0.665","0.655","0.666","0.654","95.59M","3.26%"
"2022-8-5","0.644","0.639","0.650","0.639","129.71M","-3.59%"
"2022-8-4","0.668","0.671","0.672","0.667","67.54M","-2.48%"
"2022-8-3","0.685","0.682","0.688","0.681","65.89M","0.29%"
"2022-8-2","0.683","0.678","0.685","0.671","93.80M","-0.73%"
"2022-8-1","0.688","0.685","0.694","0.685","78.69M","2.23%"
"2022-7-29","0.673","0.676","0.676","0.668","69.72M","0.30%"
"2022-7-28","0.671","0.675","0.676","0.665","92.79M","3.39%"
"2022-7-27","0.649","0.651","0.651","0.646","66.26M","-0.92%"
"2022-7-26","0.655","0.645","0.657","0.645","143.26M","6.85%"
"2022-7-25","0.613","0.625","0.626","0.611","96.70M","-4.22%"
"2022-7-22","0.640","0.629","0.642","0.629","121.75M","-0.47%"
"2022-7-21","0.643","0.646","0.648","0.642","106.60M","2.23%"
"2022-7-20","0.629","0.631","0.633","0.628","92.76M","2.78%"
"2022-7-19","0.612","0.612","0.614","0.609","83.85M","0.66%"
"2022-7-18","0.608","0.592","0.609","0.591","131.88M","4.65%"
"2022-7-15","0.581","0.579","0.583","0.578","87.27M","-0.51%"
"2022-7-14","0.584","0.586","0.588","0.581","96.62M","0.00%"
"2022-7-13","0.584","0.577","0.584","0.576","100.11M","-0.34%"
"2022-7-12","0.586","0.587","0.592","0.585","75.70M","-0.68%"
"2022-7-11","0.590","0.596","0.597","0.590","69.76M","-1.50%"
"2022-7-8","0.599","0.599","0.602","0.595","144.06M","4.36%"
"2022-7-7","0.574","0.574","0.577","0.568","137.35M","-1.88%"
"2022-7-6","0.585","0.588","0.592","0.582","220.99M","-5.95%"
"2022-7-5","0.622","0.625","0.632","0.621","126.96M","0.81%"
"2022-7-4","0.617","0.610","0.618","0.608","97.67M","1.82%"
"2022-7-1","0.606","0.613","0.614","0.604","160.16M","-3.81%"
"2022-6-30","0.630","0.630","0.633","0.627","163.81M","-4.11%"
"2022-6-29","0.657","0.661","0.668","0.656","150.64M","0.15%"
"2022-6-28","0.656","0.645","0.657","0.645","157.67M","4.13%"
"2022-6-27","0.630","0.624","0.633","0.622","125.23M","1.12%"
"2022-6-24","0.623","0.636","0.637","0.621","225.66M","-5.18%"
"2022-6-23","0.657","0.644","0.659","0.640","127.80M","-0.76%"
"2022-6-22","0.662","0.683","0.683","0.662","96.09M","-2.93%"
"2022-6-21","0.682","0.660","0.690","0.660","160.16M","3.81%"
"2022-6-20","0.657","0.656","0.659","0.653","147.56M","-6.68%"
"2022-6-17","0.704","0.708","0.709","0.699","157.37M","-5.63%"
"2022-6-16","0.746","0.754","0.754","0.744","82.09M","-1.58%"
"2022-6-15","0.758","0.765","0.767","0.752","140.77M","-2.70%"
"2022-6-14","0.779","0.760","0.779","0.756","149.36M","-2.01%"
"2022-6-13","0.795","0.804","0.804","0.792","67.43M","-3.17%"
"2022-6-10","0.821","0.809","0.822","0.805","78.89M","-0.36%"
"2022-6-9","0.824","0.824","0.825","0.819","73.16M","-0.72%"
"2022-6-8","0.830","0.827","0.830","0.823","78.82M","3.62%"
"2022-6-7","0.801","0.803","0.805","0.800","42.19M","0.38%"
"2022-6-6","0.798","0.786","0.799","0.786","83.50M","3.23%"
"2022-6-2","0.773","0.779","0.782","0.773","114.70M","0.00%"
"2022-6-1","0.773","0.775","0.775","0.763","138.03M","-3.38%"
"2022-5-31","0.800","0.798","0.802","0.787","115.92M","1.91%"
"2022-5-30","0.785","0.776","0.786","0.776","81.36M","4.25%"
"2022-5-27","0.753","0.749","0.753","0.748","80.30M","3.29%"
"2022-5-26","0.729","0.726","0.730","0.723","89.73M","3.11%"
"2022-5-25","0.707","0.699","0.707","0.699","79.04M","2.02%"
"2022-5-24","0.693","0.702","0.702","0.693","78.53M","0.87%"
"2022-5-23","0.687","0.686","0.688","0.685","46.89M","0.44%"
"2022-5-20","0.684","0.686","0.688","0.682","50.78M","-0.58%"
"2022-5-19","0.688","0.683","0.689","0.680","90.88M","-2.41%"
"2022-5-18","0.705","0.705","0.707","0.702","90.60M","2.03%"
"2022-5-17","0.691","0.685","0.692","0.685","78.65M","3.44%"
"2022-5-16","0.668","0.670","0.673","0.662","100.29M","1.83%"
"2022-5-13","0.656","0.654","0.657","0.653","63.11M","1.39%"
"2022-5-12","0.647","0.662","0.662","0.645","81.24M","-1.37%"
"2022-5-11","0.656","0.645","0.659","0.641","94.25M","1.55%"
"2022-5-10","0.646","0.639","0.648","0.636","172.34M","-7.98%"
"2022-5-9","0.702","0.695","0.703","0.692","70.54M","0.86%"
"2022-5-6","0.696","0.688","0.697","0.684","64.42M","-0.43%"
"2022-5-5","0.699","0.700","0.704","0.691","89.32M","4.80%"
"2022-4-29","0.667","0.664","0.668","0.662","55.95M","3.57%"
"2022-4-28","0.644","0.642","0.644","0.640","47.93M","0.94%"
"2022-4-27","0.638","0.640","0.642","0.637","67.81M","-0.16%"
"2022-4-26","0.639","0.630","0.641","0.630","55.37M","1.75%"
"2022-4-25","0.628","0.630","0.637","0.628","129.46M","-5.71%"
"2022-4-22","0.666","0.670","0.671","0.664","116.13M","-4.99%"
"2022-4-21","0.701","0.691","0.703","0.691","83.61M","2.64%"
"2022-4-20","0.683","0.684","0.686","0.678","71.01M","-1.73%"
"2022-4-19","0.695","0.694","0.696","0.686","61.72M","1.91%"
"2022-4-18","0.682","0.677","0.683","0.677","49.21M","1.19%"
"2022-4-15","0.674","0.672","0.675","0.672","40.20M","1.20%"
"2022-4-14","0.666","0.671","0.673","0.666","60.81M","0.76%"
"2022-4-13","0.661","0.663","0.667","0.659","85.31M","0.30%"
"2022-4-12","0.659","0.653","0.659","0.651","75.32M","0.15%"
"2022-4-11","0.658","0.654","0.659","0.654","51.72M","1.86%"
"2022-4-8","0.646","0.645","0.651","0.644","43.41M","0.16%"
"2022-4-7","0.645","0.644","0.647","0.638","44.69M","-0.77%"
"2022-4-6","0.650","0.638","0.652","0.637","69.33M","3.17%"
"2022-4-1","0.630","0.630","0.634","0.629","60.02M","-0.16%"
"2022-3-31","0.631","0.645","0.645","0.625","107.10M","-2.02%"
"2022-3-30","0.644","0.644","0.644","0.637","94.40M","-0.62%"
"2022-3-29","0.648","0.637","0.649","0.637","69.93M","0.47%"
"2022-3-28","0.645","0.644","0.649","0.640","105.49M","3.37%"
"2022-3-25","0.624","0.622","0.625","0.621","83.80M","1.46%"
"2022-3-24","0.615","0.620","0.622","0.613","102.52M","1.49%"
"2022-3-23","0.606","0.607","0.614","0.603","110.03M","-1.14%"
"2022-3-22","0.613","0.615","0.616","0.610","103.43M","2.17%"
"2022-3-21","0.600","0.600","0.603","0.598","66.44M","1.01%"
"2022-3-18","0.594","0.588","0.595","0.588","135.02M","5.13%"
"2022-3-17","0.565","0.562","0.566","0.559","88.63M","0.00%"
"2022-3-16","0.565","0.547","0.566","0.547","115.74M","5.41%"
"2022-3-15","0.536","0.561","0.561","0.534","179.92M","-8.06%"
"2022-3-14","0.583","0.588","0.588","0.576","96.93M","-2.35%"
"2022-3-11","0.597","0.596","0.598","0.593","122.56M","2.75%"
"2022-3-10","0.581","0.580","0.591","0.570","281.99M","-4.13%"
"2022-3-9","0.606","0.601","0.609","0.600","265.80M","1.68%"
"2022-3-8","0.596","0.591","0.607","0.577","302.55M","-0.83%"
"2022-3-7","0.601","0.601","0.604","0.596","229.58M","6.94%"
"2022-3-4","0.562","0.576","0.576","0.560","164.60M","-3.60%"
"2022-3-3","0.583","0.583","0.588","0.578","204.56M","1.22%"
"2022-3-2","0.576","0.559","0.578","0.559","208.15M","4.73%"
"2022-3-1","0.550","0.549","0.550","0.546","153.76M","3.77%"
"2022-2-28","0.530","0.533","0.535","0.530","120.85M","1.34%"
"2022-2-25","0.523","0.526","0.528","0.521","127.79M","-0.19%"
"2022-2-24","0.524","0.519","0.535","0.516","250.19M","2.34%"
"2022-2-23","0.512","0.509","0.512","0.508","73.42M","-2.48%"
"2022-2-22","0.525","0.522","0.526","0.519","131.17M","2.14%"
"2022-2-21","0.514","0.517","0.517","0.513","58.95M","-0.96%"
"2022-2-18","0.519","0.519","0.521","0.518","48.82M","-1.14%"
"2022-2-17","0.525","0.518","0.528","0.518","58.97M","0.57%"
"2022-2-16","0.522","0.522","0.523","0.519","87.36M","-1.14%"
"2022-2-15","0.528","0.530","0.531","0.527","62.52M","-2.40%"
"2022-2-14","0.541","0.539","0.542","0.538","157.47M","4.84%"
"2022-2-11","0.516","0.518","0.519","0.516","60.46M","-0.19%"
"2022-2-10","0.517","0.521","0.521","0.515","126.18M","0.98%"
"2022-2-9","0.512","0.514","0.514","0.511","85.22M","-2.66%"
"2022-2-8","0.526","0.527","0.528","0.526","43.97M","-0.57%"
"2022-2-7","0.529","0.530","0.531","0.528","98.84M","4.55%"
"2022-1-28","0.506","0.498","0.509","0.498","115.79M","2.85%"
"2022-1-27","0.492","0.498","0.498","0.491","75.61M","-1.80%"
"2022-1-26","0.501","0.500","0.501","0.498","119.90M","3.51%"
"2022-1-25","0.484","0.490","0.491","0.484","70.93M","-1.43%"
"2022-1-24","0.491","0.486","0.491","0.485","60.41M","-1.21%"
"2022-1-21","0.497","0.495","0.498","0.492","89.53M","-3.50%"
"2022-1-20","0.515","0.512","0.516","0.510","63.60M","-0.96%"
"2022-1-19","0.520","0.528","0.528","0.519","88.93M","-2.07%"
"2022-1-18","0.531","0.525","0.531","0.524","90.19M","1.34%"
"2022-1-17","0.524","0.526","0.527","0.522","58.80M","1.35%"
"2022-1-14","0.517","0.512","0.518","0.511","41.71M","-0.19%"
"2022-1-13","0.518","0.518","0.519","0.517","66.16M","1.37%"
"2022-1-12","0.511","0.515","0.516","0.511","90.22M","3.23%"
"2022-1-11","0.495","0.497","0.499","0.495","75.06M","-0.60%"
"2022-1-10","0.498","0.499","0.500","0.495","111.87M","-0.99%"
"2022-1-7","0.503","0.500","0.504","0.500","93.94M","3.93%"
"2022-1-6","0.484","0.486","0.487","0.481","55.80M","-2.62%"
"2022-1-5","0.497","0.499","0.499","0.495","98.74M","3.76%"
"2022-1-4","0.479","0.479","0.480","0.478","76.60M","3.23%"
"2021-12-31","0.464","0.464","0.465","0.462","33.15M","-1.28%"
"2021-12-30","0.470","0.470","0.472","0.470","35.36M","-0.63%"
"2021-12-29","0.473","0.472","0.473","0.469","37.14M","-0.21%"
"2021-12-28","0.474","0.472","0.474","0.471","90.27M","3.95%"
"2021-12-27","0.456","0.457","0.458","0.455","22.00M","-0.22%"
"2021-12-24","0.457","0.460","0.460","0.457","25.30M","-0.44%"
"2021-12-23","0.459","0.460","0.462","0.459","52.29M","0.44%"
"2021-12-22","0.457","0.459","0.459","0.455","65.46M","1.78%"
"2021-12-21","0.449","0.445","0.449","0.444","43.11M","1.13%"
"2021-12-20","0.444","0.450","0.450","0.442","80.86M","-3.06%"
"2021-12-17","0.458","0.461","0.461","0.457","51.18M","-1.72%"
"2021-12-16","0.466","0.462","0.467","0.461","47.46M","1.75%"
"2021-12-15","0.458","0.460","0.460","0.458","76.70M","-2.14%"
"2021-12-14","0.468","0.467","0.469","0.466","99.49M","-4.10%"
"2021-12-13","0.488","0.486","0.488","0.485","42.91M","2.09%"
"2021-12-10","0.478","0.478","0.480","0.477","30.77M","-1.44%"
"2021-12-9","0.485","0.484","0.487","0.484","56.29M","0.21%"
"2021-12-8","0.484","0.484","0.485","0.483","66.02M","3.20%"
"2021-12-7","0.469","0.469","0.471","0.468","76.20M","1.08%"
"2021-12-6","0.464","0.466","0.466","0.463","40.27M","-0.43%"
"2021-12-3","0.466","0.465","0.467","0.461","90.15M","1.30%"
"2021-12-2","0.460","0.458","0.460","0.456","100.95M","-2.75%"
"2021-12-1","0.473","0.470","0.478","0.468","128.88M","0.00%"
"2021-11-30","0.473","0.482","0.483","0.471","85.94M","-2.67%"
"2021-11-29","0.486","0.478","0.486","0.478","99.55M","-0.41%"
"2021-11-26","0.488","0.499","0.499","0.488","95.18M","-3.17%"
"2021-11-25","0.504","0.504","0.506","0.503","60.69M","1.82%"
"2021-11-24","0.495","0.495","0.498","0.494","120.98M","3.56%"
"2021-11-23","0.478","0.481","0.482","0.478","66.33M","-0.21%"
"2021-11-22","0.479","0.480","0.481","0.476","131.64M","-4.58%"
"2021-11-19","0.502","0.496","0.502","0.495","54.97M","1.41%"
"2021-11-18","0.495","0.497","0.497","0.494","81.41M","-2.94%"
"2021-11-17","0.510","0.510","0.511","0.508","58.10M","-1.16%"
"2021-11-16","0.516","0.515","0.517","0.514","42.55M","1.18%"
"2021-11-15","0.510","0.511","0.511","0.509","40.43M","-0.58%"
"2021-11-12","0.513","0.516","0.516","0.512","68.47M","0.59%"
"2021-11-11","0.510","0.508","0.511","0.507","90.51M","-3.41%"
"2021-11-10","0.528","0.530","0.531","0.528","49.64M","0.00%"
"2021-11-9","0.528","0.528","0.529","0.526","72.32M","0.76%"
"2021-11-8","0.524","0.524","0.525","0.523","58.15M","2.75%"
"2021-11-5","0.510","0.509","0.510","0.508","39.46M","0.20%"
"2021-11-4","0.509","0.512","0.512","0.508","117.46M","-1.17%"
"2021-11-3","0.515","0.516","0.516","0.513","50.41M","-1.53%"
"2021-11-2","0.523","0.523","0.524","0.520","85.04M","2.95%"
"2021-11-1","0.508","0.506","0.508","0.506","46.03M","-0.20%"
"2021-10-29","0.509","0.509","0.511","0.508","49.03M","1.39%"
"2021-10-28","0.502","0.503","0.504","0.498","129.71M","-3.65%"
"2021-10-27","0.521","0.525","0.526","0.521","74.29M","-1.14%"
"2021-10-26","0.527","0.527","0.529","0.525","131.76M","2.13%"
"2021-10-25","0.516","0.515","0.518","0.514","107.10M","2.18%"
"2021-10-22","0.505","0.507","0.508","0.505","67.91M","-1.37%"
"2021-10-21","0.512","0.516","0.518","0.511","96.24M","0.99%"
"2021-10-20","0.507","0.510","0.511","0.506","69.30M","-0.59%"
"2021-10-19","0.510","0.508","0.513","0.505","105.69M","0.20%"
"2021-10-18","0.509","0.511","0.514","0.507","137.50M","-0.97%"
"2021-10-15","0.514","0.511","0.516","0.508","156.03M","1.38%"
"2021-10-14","0.507","0.503","0.508","0.501","98.11M","0.80%"
"2021-10-13","0.503","0.503","0.505","0.501","91.29M","-0.20%"
"2021-10-12","0.504","0.505","0.506","0.501","149.25M","-1.75%"
"2021-10-11","0.513","0.510","0.513","0.508","207.02M","3.01%"
"2021-10-8","0.498","0.498","0.500","0.495","195.77M","4.62%"
"2021-9-30","0.476","0.472","0.477","0.471","106.08M","1.93%"
"2021-9-29","0.467","0.470","0.470","0.465","193.18M","-2.51%"
"2021-9-28","0.479","0.476","0.481","0.473","311.26M","5.04%"
"2021-9-27","0.456","0.450","0.456","0.449","121.05M","3.17%"
"2021-9-24","0.442","0.445","0.446","0.441","163.47M","3.03%"
"2021-9-23","0.429","0.427","0.429","0.427","92.02M","2.14%"
"2021-9-22","0.420","0.414","0.422","0.413","157.80M","-1.87%"
"2021-9-17","0.428","0.427","0.429","0.426","51.91M","-0.23%"
"2021-9-16","0.429","0.432","0.432","0.429","152.86M","3.62%"
"2021-9-15","0.414","0.414","0.414","0.412","78.10M","-1.90%"
"2021-9-14","0.422","0.421","0.423","0.420","101.50M","2.68%"
"2021-9-13","0.411","0.409","0.411","0.407","63.63M","0.00%"
"2021-9-10","0.411","0.407","0.411","0.407","83.10M","1.99%"
"2021-9-9","0.403","0.404","0.405","0.402","92.12M","-1.47%"
"2021-9-8","0.409","0.408","0.410","0.408","48.55M","0.25%"
"2021-9-7","0.408","0.406","0.410","0.406","51.23M","0.99%"
"2021-9-6","0.404","0.408","0.409","0.403","96.95M","-1.94%"
"2021-9-3","0.412","0.410","0.412","0.409","115.50M","3.78%"
"2021-9-2","0.397","0.397","0.398","0.395","66.71M","-1.49%"
"2021-9-1","0.403","0.402","0.404","0.401","84.38M","1.00%"
"2021-8-31","0.399","0.400","0.400","0.397","61.43M","-0.75%"
"2021-8-30","0.402","0.404","0.404","0.401","121.18M","3.08%"
"2021-8-27","0.390","0.386","0.390","0.385","83.75M","0.26%"
"2021-8-26","0.389","0.390","0.391","0.389","96.94M","1.30%"
"2021-8-25","0.384","0.387","0.387","0.383","91.13M","1.05%"
"2021-8-24","0.380","0.379","0.383","0.379","103.47M","2.98%"
"2021-8-23","0.369","0.365","0.371","0.365","85.04M","1.65%"
"2021-8-20","0.363","0.364","0.365","0.362","103.40M","-2.16%"
"2021-8-19","0.371","0.373","0.374","0.370","148.68M","-3.89%"
"2021-8-18","0.386","0.381","0.386","0.380","60.77M","1.05%"
"2021-8-17","0.382","0.385","0.387","0.382","125.90M","-2.80%"
"2021-8-16","0.393","0.393","0.393","0.391","91.93M","-2.00%"
"2021-8-13","0.401","0.404","0.405","0.401","40.89M","-0.74%"
"2021-8-12","0.404","0.406","0.406","0.404","36.46M","-0.25%"
"2021-8-11","0.405","0.405","0.405","0.402","80.06M","1.25%"
"2021-8-10","0.400","0.396","0.400","0.395","69.66M","1.27%"
"2021-8-9","0.395","0.397","0.397","0.394","74.48M","-1.00%"
"2021-8-6","0.399","0.395","0.399","0.394","88.25M","2.57%"
"2021-8-5","0.389","0.390","0.393","0.389","152.30M","-2.99%"
"2021-8-4","0.401","0.401","0.402","0.400","66.40M","1.26%"
"2021-8-3","0.396","0.400","0.400","0.396","103.69M","-1.98%"
"2021-8-2","0.404","0.401","0.405","0.401","67.24M","-0.25%"
"2021-7-30","0.405","0.408","0.408","0.402","108.18M","-1.46%"
"2021-7-29","0.411","0.408","0.411","0.406","93.53M","2.24%"
"2021-7-28","0.402","0.402","0.403","0.401","71.72M","-1.23%"
"2021-7-27","0.407","0.411","0.412","0.407","113.99M","2.52%"
"2021-7-26","0.397","0.404","0.405","0.396","115.77M","-2.93%"
"2021-7-23","0.409","0.408","0.410","0.407","89.10M","-1.45%"
"2021-7-22","0.415","0.413","0.416","0.411","119.54M","4.01%"
"2021-7-21","0.399","0.402","0.402","0.399","79.51M","-0.25%"
"2021-7-20","0.400","0.394","0.400","0.393","146.48M","-1.96%"
"2021-7-19","0.408","0.406","0.408","0.402","185.84M","-3.09%"
"2021-7-16","0.421","0.420","0.421","0.419","75.97M","-0.94%"
"2021-7-15","0.425","0.426","0.427","0.421","222.55M","-4.49%"
"2021-7-14","0.445","0.447","0.447","0.444","70.27M","-1.33%"
"2021-7-13","0.451","0.451","0.453","0.450","75.91M","0.00%"
"2021-7-12","0.451","0.455","0.456","0.449","115.95M","0.89%"
"2021-7-9","0.447","0.444","0.447","0.442","83.29M","1.59%"
"2021-7-8","0.440","0.448","0.449","0.438","355.24M","-3.93%"
"2021-7-7","0.458","0.455","0.460","0.452","201.69M","-3.78%"
"2021-7-6","0.476","0.478","0.479","0.476","88.94M","1.28%"
"2021-7-5","0.470","0.471","0.471","0.467","98.40M","-1.47%"
"2021-7-2","0.477","0.479","0.479","0.476","110.16M","1.92%"
"2021-7-1","0.468","0.469","0.470","0.467","58.62M","1.08%"
"2021-6-30","0.463","0.461","0.464","0.460","57.17M","0.65%"
"2021-6-29","0.460","0.462","0.462","0.459","78.08M","-3.97%"
"2021-6-28","0.479","0.481","0.482","0.479","80.70M","0.84%"
"2021-6-25","0.475","0.476","0.477","0.475","70.65M","1.28%"
"2021-6-24","0.469","0.469","0.470","0.467","79.95M","0.21%"
"2021-6-23","0.468","0.464","0.469","0.463","93.55M","0.86%"
"2021-6-22","0.464","0.457","0.464","0.457","149.42M","5.94%"
"2021-6-21","0.438","0.438","0.441","0.437","124.54M","-1.13%"
"2021-6-18","0.443","0.447","0.447","0.443","145.13M","-4.11%"
"2021-6-17","0.462","0.464","0.464","0.460","117.07M","-1.91%"
"2021-6-16","0.471","0.469","0.471","0.468","105.38M","1.51%"
"2021-6-15","0.464","0.458","0.464","0.457","122.84M","1.31%"
"2021-6-11","0.458","0.459","0.460","0.456","106.48M","-1.08%"
"2021-6-10","0.463","0.464","0.465","0.461","77.49M","-1.07%"
"2021-6-9","0.468","0.463","0.468","0.463","131.08M","2.18%"
"2021-6-8","0.458","0.458","0.459","0.457","88.63M","1.10%"
"2021-6-7","0.453","0.456","0.457","0.452","99.54M","-0.22%"
"2021-6-4","0.454","0.452","0.454","0.451","185.01M","0.22%"
"2021-6-3","0.453","0.453","0.454","0.452","161.30M","2.26%"
"2021-6-2","0.443","0.446","0.447","0.442","294.11M","3.50%"
"2021-6-1","0.428","0.424","0.428","0.424","89.35M","1.18%"
"2021-5-31","0.423","0.423","0.424","0.421","93.35M","0.00%"
"2021-5-28","0.423","0.423","0.425","0.423","117.31M","1.93%"
"2021-5-27","0.415","0.418","0.419","0.415","83.17M","0.97%"
"2021-5-26","0.411","0.416","0.416","0.411","87.04M","-2.38%"
"2021-5-25","0.421","0.421","0.422","0.419","86.52M","0.48%"
"2021-5-24","0.419","0.416","0.421","0.415","72.44M","1.45%"
"2021-5-21","0.413","0.415","0.415","0.412","70.76M","-0.72%"
"2021-5-20","0.416","0.414","0.417","0.413","65.36M","-0.48%"
"2021-5-19","0.418","0.421","0.421","0.418","112.81M","-2.34%"
"2021-5-18","0.428","0.426","0.428","0.426","188.96M","3.63%"
"2021-5-17","0.413","0.413","0.414","0.411","179.41M","4.82%"
"2021-5-14","0.394","0.397","0.397","0.393","130.96M","-2.23%"
"2021-5-13","0.403","0.406","0.408","0.403","87.97M","-1.47%"
"2021-5-12","0.409","0.405","0.409","0.405","56.12M","0.74%"
"2021-5-11","0.406","0.410","0.410","0.405","177.61M","-2.87%"
"2021-5-10","0.418","0.418","0.419","0.414","166.64M","2.45%"
"2021-5-7","0.408","0.408","0.409","0.405","113.63M","-0.49%"
"2021-5-6","0.410","0.410","0.411","0.409","175.49M","3.54%"
"2021-4-30","0.396","0.399","0.400","0.395","127.96M","-1.00%"
"2021-4-29","0.400","0.399","0.402","0.398","227.81M","3.90%"
"2021-4-28","0.385","0.385","0.385","0.383","99.97M","1.32%"
"2021-4-27","0.380","0.378","0.380","0.377","172.98M","2.98%"
"2021-4-26","0.369","0.373","0.374","0.368","123.74M","-0.81%"
"2021-4-23","0.372","0.371","0.372","0.370","77.67M","0.00%"
"2021-4-22","0.372","0.374","0.375","0.371","120.09M","-0.53%"
"2021-4-21","0.374","0.371","0.374","0.370","214.57M","-3.61%"
"2021-4-20","0.388","0.384","0.389","0.384","91.43M","1.04%"
"2021-4-19","0.384","0.385","0.386","0.383","116.35M","-2.04%"
"2021-4-16","0.392","0.392","0.394","0.390","121.60M","-1.51%"
"2021-4-15","0.398","0.393","0.398","0.393","136.03M","3.11%"
"2021-4-14","0.386","0.382","0.387","0.381","107.18M","0.52%"
"2021-4-13","0.384","0.380","0.384","0.379","82.11M","-0.52%"
"2021-4-12","0.386","0.390","0.390","0.386","112.04M","-2.28%"
"2021-4-9","0.395","0.396","0.397","0.394","68.77M","-1.74%"
"2021-4-8","0.402","0.401","0.402","0.400","46.45M","-0.25%"
"2021-4-7","0.403","0.402","0.403","0.401","64.03M","0.25%"
"2021-4-6","0.402","0.402","0.404","0.399","175.88M","-3.60%"
"2021-4-2","0.417","0.418","0.419","0.416","125.49M","3.99%"
"2021-4-1","0.401","0.399","0.402","0.398","98.09M","0.50%"
"2021-3-31","0.399","0.397","0.400","0.396","63.38M","0.25%"
"2021-3-30","0.398","0.397","0.400","0.396","83.75M","-0.25%"
"2021-3-29","0.399","0.406","0.406","0.397","222.34M","0.50%"
"2021-3-26","0.397","0.395","0.399","0.395","181.79M","2.85%"
"2021-3-25","0.386","0.386","0.388","0.384","167.62M","1.05%"
"2021-3-24","0.382","0.385","0.386","0.380","349.09M","-3.78%"
"2021-3-23","0.397","0.399","0.399","0.396","85.99M","-0.75%"
"2021-3-22","0.400","0.396","0.400","0.396","178.50M","2.04%"
"2021-3-19","0.392","0.395","0.397","0.390","384.53M","-6.00%"
"2021-3-18","0.417","0.418","0.419","0.416","131.15M","-0.71%"
"2021-3-17","0.420","0.417","0.421","0.415","218.00M","-1.64%"
"2021-3-16","0.427","0.428","0.429","0.425","158.78M","-1.61%"
"2021-3-15","0.434","0.432","0.437","0.431","240.34M","0.46%"
"2021-3-12","0.432","0.433","0.434","0.431","209.10M","1.17%"
"2021-3-11","0.427","0.427","0.428","0.425","324.63M","4.40%"
"2021-3-10","0.409","0.416","0.416","0.408","296.29M","-3.99%"
"2021-3-9","0.426","0.425","0.428","0.422","271.44M","-1.39%"
"2021-3-8","0.432","0.429","0.435","0.427","440.40M","4.85%"
"2021-3-5","0.412","0.411","0.412","0.409","335.61M","3.26%"
"2021-3-4","0.399","0.399","0.401","0.398","189.94M","0.76%"
"2021-3-3","0.396","0.391","0.396","0.389","147.79M","1.80%"
"2021-3-2","0.389","0.396","0.396","0.388","252.20M","-1.02%"
"2021-3-1","0.393","0.389","0.396","0.389","154.99M","1.03%"
"2021-2-26","0.389","0.390","0.396","0.388","319.15M","-3.47%"
"2021-2-25","0.403","0.401","0.403","0.401","310.32M","5.77%"
"2021-2-24","0.381","0.387","0.388","0.381","286.44M","-0.78%"
"2021-2-23","0.384","0.382","0.386","0.381","253.87M","2.95%"
"2021-2-22","0.373","0.370","0.375","0.369","253.12M","3.90%"
"2021-2-19","0.359","0.360","0.363","0.355","484.23M","-4.27%"
"2021-2-18","0.375","0.374","0.377","0.372","434.99M","7.45%"
"2021-2-10","0.349","0.351","0.352","0.348","179.65M","-1.97%"
"2021-2-9","0.356","0.356","0.357","0.354","400.94M","5.01%"
"2021-2-8","0.339","0.338","0.339","0.337","104.07M","1.19%"
"2021-2-5","0.335","0.336","0.338","0.334","142.94M","0.00%"
"2021-2-4","0.335","0.334","0.335","0.332","306.59M","4.69%"
"2021-2-3","0.320","0.324","0.324","0.319","145.68M","-0.31%"
"2021-2-2","0.321","0.320","0.323","0.320","157.56M","1.26%"
"2021-2-1","0.317","0.312","0.317","0.311","168.24M","-1.25%"
"2021-1-29","0.321","0.324","0.324","0.320","84.55M","-0.62%"
"2021-1-28","0.323","0.325","0.325","0.322","137.40M","-0.31%"
"2021-1-27","0.324","0.322","0.325","0.320","172.52M","-0.31%"
"2021-1-26","0.325","0.330","0.331","0.325","127.59M","-2.69%"
"2021-1-25","0.334","0.330","0.335","0.330","129.43M","1.83%"
"2021-1-22","0.328","0.329","0.329","0.326","192.45M","-3.24%"
"2021-1-21","0.339","0.341","0.342","0.339","158.28M","-2.59%"
"2021-1-20","0.348","0.341","0.348","0.340","119.41M","4.19%"
"2021-1-19","0.334","0.334","0.336","0.334","97.08M","0.30%"
"2021-1-18","0.333","0.335","0.335","0.331","207.83M","-2.35%"
"2021-1-15","0.341","0.345","0.346","0.341","223.43M","1.49%"
"2021-1-14","0.336","0.333","0.336","0.333","166.94M","-0.88%"
"2021-1-13","0.339","0.338","0.340","0.337","444.75M","5.28%"
"2021-1-12","0.322","0.321","0.323","0.320","243.66M","4.21%"
"2021-1-11","0.309","0.315","0.316","0.308","225.68M","-2.83%"
"2021-1-8","0.318","0.319","0.320","0.317","235.48M","1.27%"
"2021-1-7","0.314","0.313","0.314","0.312","411.73M","3.97%"
"2021-1-6","0.302","0.304","0.304","0.302","380.55M","4.86%"
"2021-1-5","0.288","0.290","0.291","0.288","139.76M","-1.71%"
"2021-1-4","0.293","0.288","0.294","0.288","293.11M","0.69%"
"2020-12-31","0.291","0.290","0.291","0.289","160.96M","2.83%"
"2020-12-30","0.283","0.286","0.288","0.283","236.45M","-1.74%"
"2020-12-29","0.288","0.287","0.290","0.287","119.92M","-1.03%"
"2020-12-28","0.291","0.290","0.292","0.289","96.47M","0.34%"
"2020-12-25","0.290","0.290","0.292","0.289","121.28M","-1.69%"
"2020-12-24","0.295","0.294","0.296","0.293","281.70M","4.24%"
"2020-12-23","0.283","0.280","0.285","0.280","138.10M","0.71%"
"2020-12-22","0.281","0.285","0.287","0.281","243.17M","-2.09%"
"2020-12-21","0.287","0.290","0.290","0.284","363.63M","-2.05%"
"2020-12-18","0.293","0.296","0.297","0.292","190.60M","-2.01%"
"2020-12-17","0.299","0.297","0.300","0.296","264.05M","0.67%"
"2020-12-16","0.297","0.298","0.299","0.297","136.43M","1.71%"
"2020-12-15","0.292","0.294","0.294","0.291","241.45M","-5.50%"
"2020-12-14","0.309","0.305","0.309","0.304","260.40M","0.65%"
"2020-12-11","0.307","0.310","0.310","0.306","485.90M","4.42%"
"2020-12-10","0.294","0.293","0.294","0.292","212.16M","1.03%"
"2020-12-9","0.291","0.293","0.293","0.290","218.69M","2.11%"
"2020-12-8","0.285","0.287","0.288","0.285","229.33M","-3.06%"
"2020-12-7","0.294","0.296","0.297","0.293","531.09M","5.00%"
"2020-12-4","0.280","0.279","0.283","0.278","316.22M","1.45%"
"2020-12-3","0.276","0.272","0.276","0.272","263.76M","4.55%"
"2020-12-2","0.264","0.266","0.266","0.262","303.84M","-1.49%"
"2020-12-1","0.268","0.270","0.270","0.267","397.72M","-3.94%"
"2020-11-30","0.279","0.283","0.285","0.278","297.43M","-2.11%"
"2020-11-27","0.285","0.283","0.285","0.281","312.84M","0.35%"
"2020-11-26","0.284","0.288","0.289","0.283","427.68M","-1.73%"
"2020-11-25","0.289","0.291","0.294","0.288","793.30M","3.58%"
"2020-11-24","0.279","0.278","0.280","0.276","663.13M","7.31%"
"2020-11-23","0.260","0.257","0.261","0.256","233.14M","1.17%"
"2020-11-20","0.257","0.257","0.258","0.256","220.84M","1.58%"
"2020-11-19","0.253","0.252","0.253","0.251","176.37M","-0.78%"
"2020-11-18","0.255","0.257","0.257","0.255","250.20M","0.39%"
"2020-11-17","0.254","0.255","0.255","0.253","417.63M","4.10%"
"2020-11-16","0.244","0.243","0.245","0.242","372.50M","5.63%"
"2020-11-13","0.231","0.233","0.234","0.230","204.80M","-2.94%"
"2020-11-12","0.238","0.242","0.243","0.238","439.17M","-2.46%"
"2020-11-11","0.244","0.241","0.244","0.239","536.65M","4.27%"
"2020-11-10","0.234","0.235","0.236","0.232","734.76M","5.88%"
"2020-11-9","0.221","0.217","0.222","0.217","262.72M","1.38%"
"2020-11-6","0.218","0.219","0.220","0.218","170.19M","-0.46%"
"2020-11-5","0.219","0.221","0.222","0.219","258.10M","-1.79%"
"2020-11-4","0.223","0.219","0.223","0.219","272.64M","0.90%"
"2020-11-3","0.221","0.218","0.222","0.218","218.75M","2.79%"
"2020-11-2","0.215","0.214","0.216","0.214","242.04M","-0.92%"
"2020-10-30","0.217","0.220","0.221","0.217","228.39M","-1.81%"
"2020-10-29","0.221","0.220","0.222","0.220","244.05M","-1.34%"
"2020-10-28","0.224","0.224","0.225","0.223","164.58M","-0.88%"
"2020-10-27","0.226","0.224","0.227","0.223","242.10M","-0.88%"
"2020-10-26","0.228","0.230","0.231","0.228","200.38M","-1.30%"
"2020-10-23","0.231","0.231","0.232","0.230","207.16M","1.32%"
"2020-10-22","0.228","0.228","0.228","0.227","171.78M","-1.30%"
"2020-10-21","0.231","0.231","0.232","0.230","122.75M","0.43%"
"2020-10-20","0.230","0.231","0.232","0.228","229.40M","-1.29%"
"2020-10-19","0.233","0.232","0.234","0.232","154.98M","-0.85%"
"2020-10-16","0.235","0.236","0.237","0.234","208.12M","0.43%"
"2020-10-15","0.234","0.235","0.235","0.234","90.52M","0.00%"
"2020-10-14","0.234","0.235","0.235","0.232","170.13M","-0.85%"
"2020-10-13","0.236","0.236","0.237","0.235","141.66M","0.00%"
"2020-10-12","0.236","0.236","0.237","0.235","192.56M","-1.26%"
"2020-10-9","0.239","0.240","0.240","0.238","184.06M","3.46%"
"2020-9-30","0.231","0.231","0.232","0.230","193.48M","-1.70%"
"2020-9-29","0.235","0.233","0.236","0.232","185.85M","1.29%"
"2020-9-28","0.232","0.234","0.235","0.230","266.94M","-2.11%"
"2020-9-25","0.237","0.238","0.239","0.237","158.68M","-0.84%"
"2020-9-24","0.239","0.238","0.240","0.238","218.71M","-2.45%"
"2020-9-23","0.245","0.247","0.248","0.245","188.32M","-1.61%"
"2020-9-22","0.249","0.249","0.252","0.249","201.74M","-1.97%"
"2020-9-21","0.254","0.255","0.256","0.254","140.43M","-1.17%"
"2020-9-18","0.257","0.255","0.257","0.254","154.14M","0.39%"
"2020-9-17","0.256","0.259","0.260","0.255","219.18M","0.00%"
"2020-9-16","0.256","0.253","0.257","0.252","138.26M","1.19%"
"2020-9-15","0.253","0.255","0.255","0.253","106.99M","-0.39%"
"2020-9-14","0.254","0.255","0.256","0.254","113.58M","-0.78%"
"2020-9-11","0.256","0.253","0.257","0.253","159.74M","-1.16%"
"2020-9-10","0.259","0.260","0.261","0.259","95.56M","0.39%"
"2020-9-9","0.258","0.258","0.261","0.258","293.31M","-3.37%"
"2020-9-8","0.267","0.266","0.267","0.265","91.25M","0.38%"
"2020-9-7","0.266","0.267","0.268","0.266","156.18M","-1.12%"
"2020-9-4","0.269","0.269","0.270","0.268","131.41M","-0.74%"
"2020-9-3","0.271","0.271","0.272","0.270","261.17M","-1.09%"
"2020-9-2","0.274","0.275","0.275","0.273","156.14M","-0.36%"
"2020-9-1","0.275","0.275","0.276","0.274","113.86M","-1.43%"
"2020-8-31","0.279","0.277","0.279","0.276","122.99M","1.45%"
"2020-8-28","0.275","0.276","0.276","0.274","178.35M","-0.36%"
"2020-8-27","0.276","0.274","0.277","0.273","332.41M","-0.36%"
"2020-8-26","0.277","0.278","0.279","0.277","123.37M","-0.72%"
"2020-8-25","0.279","0.280","0.280","0.277","149.92M","1.09%"
"2020-8-24","0.276","0.276","0.277","0.276","120.37M","-0.72%"
"2020-8-21","0.278","0.275","0.279","0.274","212.79M","-0.71%"
"2020-8-20","0.280","0.282","0.283","0.280","115.39M","-1.41%"
"2020-8-19","0.284","0.286","0.286","0.284","155.37M","-1.73%"
"2020-8-18","0.289","0.289","0.290","0.288","108.69M","-0.34%"
"2020-8-17","0.290","0.289","0.290","0.288","193.74M","1.40%"
"2020-8-14","0.286","0.285","0.286","0.284","166.57M","-1.04%"
"2020-8-13","0.289","0.289","0.290","0.288","202.91M","0.70%"
"2020-8-12","0.287","0.286","0.289","0.284","370.40M","-0.35%"
"2020-8-11","0.288","0.289","0.290","0.287","338.50M","2.86%"
"2020-8-10","0.280","0.279","0.281","0.278","286.38M","1.45%"
"2020-8-7","0.276","0.279","0.279","0.275","223.95M","-1.78%"
"2020-8-6","0.281","0.280","0.281","0.278","293.37M","1.81%"
"2020-8-5","0.276","0.275","0.277","0.274","275.36M","1.85%"
"2020-8-4","0.271","0.273","0.273","0.270","155.92M","0.00%"
"2020-8-3","0.271","0.271","0.272","0.270","144.66M","0.00%"
"2020-7-31","0.271","0.271","0.272","0.270","147.70M","-1.09%"
"2020-7-30","0.274","0.276","0.277","0.274","234.56M","0.74%"
"2020-7-29","0.272","0.270","0.272","0.269","219.71M","0.00%"
"2020-7-28","0.272","0.274","0.275","0.272","187.16M","-1.09%"
"2020-7-27","0.275","0.275","0.275","0.273","171.16M","1.10%"
"2020-7-24","0.272","0.277","0.278","0.272","390.29M","-2.16%"
"2020-7-23","0.278","0.277","0.278","0.275","276.39M","0.00%"
"2020-7-22","0.278","0.278","0.280","0.277","632.29M","2.96%"
"2020-7-21","0.270","0.268","0.270","0.268","203.07M","0.75%"
"2020-7-20","0.268","0.269","0.270","0.267","264.12M","-1.11%"
"2020-7-17","0.271","0.270","0.272","0.269","299.07M","1.12%"
"2020-7-16","0.268","0.271","0.272","0.267","472.41M","-0.37%"
"2020-7-15","0.269","0.271","0.273","0.269","504.74M","0.75%"
"2020-7-14","0.267","0.269","0.270","0.266","492.85M","-2.20%"
"2020-7-13","0.273","0.270","0.277","0.269","511.56M","1.11%"
"2020-7-10","0.270","0.272","0.274","0.269","560.10M","-2.88%"
"2020-7-9","0.278","0.278","0.279","0.276","439.33M","-0.36%"
"2020-7-8","0.279","0.279","0.280","0.278","319.63M","-0.71%"
"2020-7-7","0.281","0.283","0.284","0.280","476.39M","-1.40%"
"2020-7-6","0.285","0.282","0.286","0.280","600.51M","1.79%"
"2020-7-3","0.280","0.281","0.283","0.280","365.73M","-0.36%"
"2020-7-2","0.281","0.274","0.281","0.274","583.33M","-0.35%"
"2020-7-1","0.282","0.284","0.285","0.281","228.94M","0.36%"
"2020-6-30","0.281","0.283","0.285","0.281","290.21M","0.36%"
"2020-6-29","0.280","0.278","0.285","0.278","721.13M","-5.72%"
"2020-6-24","0.297","0.298","0.299","0.296","214.50M","-0.67%"
"2020-6-23","0.299","0.299","0.300","0.297","277.92M","-0.66%"
"2020-6-22","0.301","0.301","0.305","0.301","300.55M","-2.27%"
"2020-6-19","0.308","0.305","0.309","0.305","288.10M","1.99%"
"2020-6-18","0.302","0.300","0.303","0.299","377.38M","-2.58%"
"2020-6-17","0.310","0.308","0.312","0.306","326.07M","0.00%"
"2020-6-16","0.310","0.302","0.311","0.301","544.40M","7.64%"
"2020-6-15","0.288","0.294","0.297","0.288","499.06M","-2.70%"
"2020-6-12","0.296","0.287","0.300","0.287","706.35M","-3.58%"
"2020-6-11","0.307","0.314","0.315","0.305","707.24M","-8.36%"
"2020-6-10","0.335","0.339","0.341","0.335","641.91M","-4.83%"
"2020-6-9","0.352","0.352","0.352","0.349","686.48M","10.00%"
"2020-6-8","0.320","0.322","0.323","0.315","796.42M","8.11%"
"2020-6-5","0.296","0.291","0.297","0.291","266.94M","3.14%"
"2020-6-4","0.287","0.289","0.290","0.286","250.55M","0.35%"
"2020-6-3","0.286","0.284","0.287","0.284","395.69M","3.62%"
"2020-6-2","0.276","0.277","0.277","0.274","192.06M","0.73%"
"2020-6-1","0.274","0.273","0.276","0.273","320.98M","0.37%"
"2020-5-29","0.273","0.276","0.276","0.273","203.21M","-2.85%"
"2020-5-28","0.281","0.282","0.284","0.280","287.55M","0.36%"
"2020-5-27","0.280","0.281","0.283","0.279","356.81M","0.36%"
"2020-5-26","0.279","0.274","0.279","0.274","276.73M","2.57%"
"2020-5-25","0.272","0.270","0.273","0.268","176.81M","2.26%"
"2020-5-22","0.266","0.273","0.274","0.266","251.62M","-2.92%"
"2020-5-21","0.274","0.276","0.277","0.272","189.84M","1.11%"
"2020-5-20","0.271","0.271","0.273","0.270","147.68M","-1.09%"
"2020-5-19","0.274","0.275","0.276","0.270","407.16M","3.79%"
"2020-5-18","0.264","0.264","0.265","0.262","184.43M","1.15%"
"2020-5-15","0.261","0.261","0.262","0.259","240.99M","0.77%"
"2020-5-14","0.259","0.258","0.262","0.257","383.40M","-3.36%"
"2020-5-13","0.268","0.268","0.269","0.263","286.32M","-1.11%"
"2020-5-12","0.271","0.273","0.273","0.270","167.25M","-1.09%"
"2020-5-11","0.274","0.274","0.277","0.273","358.29M","1.48%"
"2020-5-8","0.270","0.269","0.271","0.267","269.24M","1.89%"
"2020-5-7","0.265","0.268","0.268","0.265","422.62M","-2.93%"
"2020-5-6","0.273","0.275","0.280","0.272","692.61M","-2.50%"
"2020-4-30","0.280","0.280","0.282","0.271","1.02B","9.37%"
"2020-4-29","0.256","0.254","0.259","0.254","455.68M","2.81%"
"2020-4-28","0.249","0.250","0.250","0.247","294.04M","0.81%"
"2020-4-27","0.247","0.246","0.251","0.246","311.25M","0.41%"
"2020-4-24","0.246","0.250","0.251","0.246","443.76M","0.00%"
"2020-4-23","0.246","0.241","0.249","0.241","641.37M","4.24%"
"2020-4-22","0.236","0.239","0.239","0.230","727.59M","-3.28%"
"2020-4-21","0.244","0.247","0.248","0.244","311.37M","-2.01%"
"2020-4-20","0.249","0.252","0.252","0.248","227.21M","-1.19%"
"2020-4-17","0.252","0.251","0.255","0.251","285.40M","0.80%"
"2020-4-16","0.250","0.249","0.251","0.249","194.54M","0.00%"
"2020-4-15","0.250","0.247","0.251","0.246","259.75M","0.40%"
"2020-4-14","0.249","0.247","0.249","0.247","151.98M","0.40%"
"2020-4-13","0.248","0.250","0.251","0.247","237.50M","0.81%"
"2020-4-10","0.246","0.248","0.248","0.245","264.29M","-1.60%"
"2020-4-9","0.250","0.251","0.252","0.248","276.93M","1.63%"
"2020-4-8","0.246","0.245","0.249","0.244","288.27M","-0.40%"
"2020-4-7","0.247","0.260","0.262","0.242","1.35B","-2.76%"
"2020-4-3","0.254","0.259","0.262","0.251","742.47M","-1.55%"
"2020-4-2","0.258","0.248","0.264","0.246","1.21B","4.88%"
"2020-4-1","0.246","0.246","0.249","0.245","200.69M","0.00%"
"2020-3-31","0.246","0.244","0.252","0.243","397.66M","2.50%"
"2020-3-30","0.240","0.237","0.244","0.233","296.05M","-2.04%"
"2020-3-27","0.245","0.250","0.252","0.245","310.33M","-0.81%"
"2020-3-26","0.247","0.256","0.256","0.246","327.80M","-3.14%"
"2020-3-25","0.255","0.258","0.260","0.252","615.26M","2.82%"
"2020-3-24","0.248","0.245","0.253","0.243","655.07M","4.20%"
"2020-3-23","0.238","0.230","0.242","0.229","532.68M","0.00%"
"2020-3-20","0.238","0.235","0.239","0.231","611.46M","5.31%"
"2020-3-19","0.226","0.219","0.227","0.219","478.12M","1.80%"
"2020-3-18","0.222","0.225","0.232","0.221","540.32M","-2.63%"
"2020-3-17","0.228","0.222","0.228","0.215","600.72M","3.17%"
"2020-3-16","0.221","0.228","0.232","0.221","530.77M","-2.64%"
"2020-3-13","0.227","0.214","0.233","0.214","1.24B","-3.81%"
"2020-3-12","0.236","0.249","0.249","0.236","1.23B","-9.92%"
"2020-3-11","0.262","0.268","0.272","0.260","624.97M","-4.73%"
"2020-3-10","0.275","0.258","0.280","0.258","1.73B","-4.18%"
"2020-3-9","0.287","0.287","0.287","0.287","252.86M","-10.03%"
"2020-3-6","0.319","0.320","0.322","0.318","192.71M","-2.15%"
"2020-3-5","0.326","0.328","0.330","0.325","136.30M","0.00%"
"2020-3-4","0.326","0.319","0.331","0.317","265.01M","0.93%"
"2020-3-3","0.323","0.326","0.329","0.322","280.53M","0.62%"
"2020-3-2","0.321","0.312","0.321","0.312","370.20M","3.88%"
"2020-2-28","0.309","0.318","0.319","0.307","642.60M","-6.36%"
"2020-2-27","0.330","0.337","0.337","0.330","416.22M","-2.94%"
"2020-2-26","0.340","0.341","0.342","0.339","450.90M","-1.45%"
"2020-2-25","0.345","0.344","0.346","0.344","464.06M","-1.43%"
"2020-2-24","0.350","0.350","0.351","0.349","341.28M","-1.41%"
"2020-2-21","0.355","0.359","0.359","0.354","305.29M","-1.11%"
"2020-2-20","0.359","0.359","0.361","0.357","355.52M","1.13%"
"2020-2-19","0.355","0.350","0.356","0.349","432.84M","1.14%"
"2020-2-18","0.351","0.352","0.353","0.351","444.52M","-0.57%"
"2020-2-17","0.353","0.352","0.354","0.351","467.84M","-0.56%"
"2020-2-14","0.355","0.353","0.355","0.353","384.56M","-0.56%"
"2020-2-13","0.357","0.360","0.361","0.356","412.06M","-0.56%"
"2020-2-12","0.359","0.360","0.361","0.358","385.09M","0.00%"
"2020-2-11","0.359","0.357","0.361","0.357","524.48M","-0.55%"
"2020-2-10","0.361","0.357","0.361","0.356","384.68M","-1.10%"
"2020-2-7","0.365","0.364","0.366","0.361","405.25M","-1.88%"
"2020-2-6","0.372","0.367","0.372","0.366","328.33M","2.76%"
"2020-2-5","0.362","0.358","0.363","0.358","240.06M","0.00%"
"2020-2-4","0.362","0.353","0.364","0.352","267.68M","1.40%"
"2020-2-3","0.357","0.352","0.363","0.352","490.04M","-6.30%"
"2020-1-23","0.381","0.380","0.381","0.378","251.47M","-1.30%"
"2020-1-22","0.386","0.383","0.387","0.383","226.87M","-1.53%"
"2020-1-21","0.392","0.392","0.393","0.390","95.19M","-0.25%"
"2020-1-20","0.393","0.393","0.393","0.391","134.44M","-0.76%"
"2020-1-17","0.396","0.396","0.397","0.395","66.70M","-0.25%"
"2020-1-16","0.397","0.396","0.398","0.395","73.76M","-0.25%"
"2020-1-15","0.398","0.399","0.399","0.398","57.89M","0.25%"
"2020-1-14","0.397","0.398","0.399","0.396","164.02M","-1.24%"
"2020-1-13","0.402","0.404","0.404","0.402","97.62M","-0.99%"
"2020-1-10","0.406","0.407","0.407","0.405","77.97M","-0.49%"
"2020-1-9","0.408","0.410","0.410","0.407","292.02M","-3.55%"
"2020-1-8","0.423","0.433","0.434","0.422","362.41M","0.95%"
"2020-1-7","0.419","0.422","0.423","0.418","283.35M","-1.87%"
"2020-1-6","0.427","0.424","0.428","0.424","344.07M","1.91%"
"2020-1-3","0.419","0.412","0.423","0.411","264.47M","1.70%"
"2020-1-2","0.412","0.412","0.415","0.411","138.58M","1.48%"
"2019-12-31","0.406","0.409","0.409","0.406","99.35M","-0.98%"
"2019-12-30","0.410","0.409","0.410","0.408","215.55M","-0.97%"
"2019-12-27","0.414","0.415","0.416","0.414","143.09M","0.00%"
"2019-12-26","0.414","0.412","0.415","0.412","127.44M","0.49%"
"2019-12-25","0.412","0.410","0.412","0.410","142.38M","0.49%"
"2019-12-24","0.410","0.409","0.410","0.408","210.26M","2.76%"
"2019-12-23","0.399","0.402","0.403","0.399","192.60M","-0.75%"
"2019-12-20","0.402","0.403","0.404","0.402","199.70M","0.75%"
"2019-12-19","0.399","0.399","0.399","0.398","134.05M","1.01%"
"2019-12-18","0.395","0.397","0.397","0.395","216.35M","1.28%"
"2019-12-17","0.390","0.391","0.391","0.389","225.79M","1.04%"
"2019-12-16","0.386","0.383","0.386","0.383","176.52M","-0.26%"
"2019-12-13","0.387","0.387","0.389","0.386","293.97M","2.11%"
"2019-12-12","0.379","0.380","0.381","0.379","64.32M","-0.52%"
"2019-12-11","0.381","0.381","0.382","0.380","67.91M","0.26%"
"2019-12-10","0.380","0.380","0.381","0.379","105.62M","0.26%"
"2019-12-9","0.379","0.379","0.380","0.378","134.29M","1.07%"
"2019-12-6","0.375","0.375","0.376","0.375","47.65M","-0.53%"
"2019-12-5","0.377","0.377","0.377","0.375","103.38M","1.34%"
"2019-12-4","0.372","0.372","0.373","0.372","74.50M","-0.53%"
"2019-12-3","0.374","0.374","0.375","0.373","78.37M","-0.27%"
"2019-12-2","0.375","0.374","0.376","0.373","127.19M","-0.53%"
"2019-11-29","0.377","0.377","0.378","0.376","87.36M","0.00%"
"2019-11-28","0.377","0.378","0.379","0.377","89.99M","-0.26%"
"2019-11-27","0.378","0.378","0.379","0.377","193.46M","-0.79%"
"2019-11-26","0.381","0.381","0.382","0.380","134.42M","0.00%"
"2019-11-25","0.381","0.380","0.381","0.379","147.54M","0.00%"
"2019-11-22","0.381","0.382","0.383","0.381","148.66M","0.00%"
"2019-11-21","0.381","0.380","0.381","0.379","79.73M","0.53%"
"2019-11-20","0.379","0.380","0.381","0.378","366.69M","-1.30%"
"2019-11-19","0.384","0.383","0.385","0.383","215.74M","-1.29%"
"2019-11-18","0.389","0.389","0.389","0.387","56.37M","0.78%"
"2019-11-15","0.386","0.387","0.388","0.385","115.01M","-0.77%"
"2019-11-14","0.389","0.388","0.391","0.388","154.94M","-0.26%"
"2019-11-13","0.390","0.392","0.392","0.390","48.78M","-1.02%"
"2019-11-12","0.394","0.389","0.394","0.389","83.83M","0.51%"
"2019-11-11","0.392","0.396","0.396","0.392","110.49M","-0.25%"
"2019-11-8","0.393","0.396","0.396","0.393","79.04M","0.51%"
"2019-11-7","0.391","0.391","0.392","0.391","78.57M","-1.76%"
"2019-11-6","0.398","0.401","0.402","0.397","142.66M","-1.00%"
"2019-11-5","0.402","0.402","0.403","0.400","435.34M","3.08%"
"2019-11-4","0.390","0.390","0.391","0.389","138.14M","1.30%"
"2019-11-1","0.385","0.383","0.386","0.382","172.03M","0.26%"
"2019-10-31","0.384","0.385","0.386","0.383","289.17M","-1.54%"
"2019-10-30","0.390","0.392","0.392","0.389","148.62M","0.78%"
"2019-10-29","0.387","0.389","0.390","0.387","90.08M","-0.77%"
"2019-10-28","0.390","0.391","0.392","0.390","156.66M","0.52%"
"2019-10-25","0.388","0.387","0.388","0.386","131.83M","0.00%"
"2019-10-24","0.388","0.389","0.390","0.388","155.82M","0.52%"
"2019-10-23","0.386","0.387","0.388","0.385","144.75M","0.52%"
"2019-10-22","0.384","0.385","0.386","0.384","119.69M","0.00%"
"2019-10-21","0.384","0.382","0.386","0.382","181.16M","-0.78%"
"2019-10-18","0.387","0.389","0.390","0.387","128.43M","0.00%"
"2019-10-17","0.387","0.388","0.389","0.387","143.70M","-1.02%"
"2019-10-16","0.391","0.389","0.392","0.389","109.42M","0.51%"
"2019-10-15","0.389","0.392","0.393","0.389","145.24M","-1.77%"
"2019-10-14","0.396","0.395","0.398","0.395","158.72M","0.25%"
"2019-10-11","0.395","0.389","0.400","0.388","307.78M","1.54%"
"2019-10-10","0.389","0.385","0.389","0.384","138.18M","0.78%"
"2019-10-9","0.386","0.388","0.389","0.385","380.93M","-1.03%"
"2019-10-8","0.390","0.389","0.393","0.389","376.27M","-3.47%"
"2019-9-30","0.404","0.404","0.404","0.403","75.77M","-0.25%"
"2019-9-27","0.405","0.404","0.406","0.403","142.46M","-0.74%"
"2019-9-26","0.408","0.409","0.410","0.408","64.78M","0.25%"
"2019-9-25","0.407","0.410","0.411","0.407","215.93M","-2.63%"
"2019-9-24","0.418","0.421","0.421","0.418","75.04M","-0.71%"
"2019-9-23","0.421","0.421","0.421","0.419","89.41M","0.48%"
"2019-9-20","0.419","0.420","0.423","0.419","161.64M","-0.95%"
"2019-9-19","0.423","0.427","0.427","0.423","205.09M","-1.40%"
"2019-9-18","0.429","0.432","0.432","0.427","446.33M","-5.09%"
"2019-9-17","0.452","0.448","0.452","0.446","1.00B","3.20%"
"2019-9-16","0.438","0.449","0.449","0.436","741.12M","4.29%"
"2019-9-12","0.420","0.421","0.421","0.419","187.36M","-0.47%"
"2019-9-11","0.422","0.418","0.422","0.417","241.16M","1.44%"
"2019-9-10","0.416","0.416","0.417","0.414","391.11M","3.74%"
"2019-9-9","0.401","0.399","0.401","0.398","173.04M","0.50%"
"2019-9-6","0.399","0.400","0.401","0.398","218.07M","1.27%"
"2019-9-5","0.394","0.393","0.396","0.392","219.27M","1.03%"
"2019-9-4","0.390","0.388","0.390","0.388","175.89M","-0.26%"
"2019-9-3","0.391","0.390","0.391","0.390","72.13M","0.00%"
"2019-9-2","0.391","0.390","0.392","0.388","200.61M","-0.76%"
"2019-8-30","0.394","0.395","0.397","0.393","204.40M","1.81%"
"2019-8-29","0.387","0.388","0.389","0.386","111.63M","0.52%"
"2019-8-28","0.385","0.386","0.387","0.385","138.14M","-0.26%"
"2019-8-27","0.386","0.385","0.387","0.385","163.71M","0.78%"
"2019-8-26","0.383","0.385","0.386","0.383","369.68M","-3.28%"
"2019-8-23","0.396","0.395","0.396","0.394","79.36M","-0.25%"
"2019-8-22","0.397","0.399","0.399","0.397","63.06M","0.00%"
"2019-8-21","0.397","0.399","0.400","0.397","71.98M","-0.25%"
"2019-8-20","0.398","0.402","0.403","0.398","247.18M","0.76%"
"2019-8-19","0.395","0.391","0.395","0.390","217.66M","1.80%"
"2019-8-16","0.388","0.387","0.389","0.387","156.19M","0.00%"
"2019-8-15","0.388","0.386","0.390","0.386","325.66M","-2.51%"
"2019-8-14","0.398","0.399","0.400","0.397","119.68M","0.25%"
"2019-8-13","0.397","0.399","0.400","0.397","120.54M","-1.24%"
"2019-8-12","0.402","0.400","0.402","0.399","98.84M","0.25%"
"2019-8-9","0.401","0.404","0.404","0.400","148.03M","0.25%"
"2019-8-8","0.400","0.399","0.401","0.399","211.92M","0.76%"
"2019-8-7","0.397","0.397","0.399","0.397","255.91M","-0.75%"
"2019-8-6","0.400","0.400","0.400","0.397","453.64M","-2.44%"
"2019-8-5","0.410","0.411","0.413","0.409","293.71M","-0.97%"
"2019-8-2","0.414","0.414","0.416","0.414","523.51M","-3.04%"
"2019-8-1","0.427","0.429","0.429","0.426","256.06M","-1.16%"
"2019-7-31","0.432","0.431","0.433","0.430","342.78M","2.37%"
"2019-7-30","0.422","0.421","0.423","0.421","345.85M","-0.71%"
"2019-7-29","0.425","0.427","0.428","0.424","304.08M","-1.16%"
"2019-7-26","0.430","0.429","0.431","0.428","346.96M","-1.15%"
"2019-7-25","0.435","0.437","0.438","0.435","171.99M","-0.23%"
"2019-7-24","0.436","0.435","0.436","0.435","219.96M","0.46%"
"2019-7-23","0.434","0.432","0.435","0.432","321.18M","-0.91%"
"2019-7-22","0.438","0.439","0.440","0.437","268.98M","-0.90%"
"2019-7-19","0.442","0.440","0.444","0.439","241.32M","0.00%"
"2019-7-18","0.442","0.442","0.443","0.441","285.38M","-1.12%"
"2019-7-17","0.447","0.445","0.448","0.445","234.69M","-1.11%"
"2019-7-16","0.452","0.453","0.454","0.452","215.76M","-1.53%"
"2019-7-15","0.459","0.461","0.462","0.458","97.00M","-0.43%"
"2019-7-12","0.461","0.461","0.462","0.460","73.45M","-0.65%"
"2019-7-11","0.464","0.465","0.465","0.462","131.55M","1.31%"
"2019-7-10","0.458","0.457","0.459","0.456","68.27M","0.66%"
"2019-7-9","0.455","0.455","0.456","0.454","68.96M","-0.66%"
"2019-7-8","0.458","0.458","0.459","0.454","167.54M","0.44%"
"2019-7-5","0.456","0.455","0.457","0.454","102.48M","0.22%"
"2019-7-4","0.455","0.456","0.456","0.454","100.51M","0.00%"
"2019-7-3","0.455","0.456","0.457","0.455","250.70M","-2.57%"
"2019-7-2","0.467","0.469","0.469","0.466","187.70M","-1.48%"
"2019-7-1","0.474","0.467","0.474","0.466","338.48M","3.49%"
"2019-6-28","0.458","0.461","0.461","0.458","77.95M","-0.43%"
"2019-6-27","0.460","0.462","0.463","0.460","180.24M","0.66%"
"2019-6-26","0.457","0.454","0.458","0.454","143.47M","0.22%"
"2019-6-25","0.456","0.458","0.458","0.453","194.78M","-1.30%"
"2019-6-24","0.462","0.462","0.464","0.460","157.59M","0.43%"
"2019-6-21","0.460","0.461","0.464","0.459","331.19M","1.10%"
"2019-6-20","0.455","0.449","0.456","0.447","326.58M","1.11%"
"2019-6-19","0.450","0.451","0.452","0.448","193.68M","1.81%"
"2019-6-18","0.442","0.443","0.443","0.441","110.44M","0.00%"
"2019-6-17","0.442","0.441","0.444","0.440","166.52M","-0.67%"
"2019-6-14","0.445","0.446","0.447","0.445","143.82M","-0.67%"
"2019-6-13","0.448","0.440","0.449","0.440","369.84M","0.45%"
"2019-6-12","0.446","0.450","0.450","0.446","242.89M","-1.11%"
"2019-6-11","0.451","0.448","0.452","0.448","258.21M","-0.44%"
"2019-6-10","0.453","0.449","0.454","0.449","147.66M","1.80%"
"2019-6-6","0.445","0.447","0.448","0.444","318.96M","-2.20%"
"2019-6-5","0.455","0.457","0.458","0.455","168.66M","0.44%"
"2019-6-4","0.453","0.453","0.455","0.452","182.75M","0.00%"
"2019-6-3","0.453","0.453","0.455","0.452","241.69M","-1.74%"
"2019-5-31","0.461","0.460","0.463","0.458","304.54M","-2.33%"
"2019-5-30","0.472","0.472","0.474","0.472","108.94M","0.00%"
"2019-5-29","0.472","0.471","0.473","0.470","342.06M","-2.88%"
"2019-5-28","0.486","0.487","0.487","0.483","140.34M","-0.82%"
"2019-5-27","0.490","0.484","0.490","0.484","95.18M","0.82%"
"2019-5-24","0.486","0.481","0.488","0.480","194.23M","-2.61%"
"2019-5-23","0.499","0.500","0.503","0.499","114.21M","-2.16%"
"2019-5-22","0.510","0.513","0.514","0.509","49.24M","0.00%"
"2019-5-21","0.510","0.510","0.511","0.509","64.33M","-1.16%"
"2019-5-20","0.516","0.518","0.518","0.513","68.29M","-0.77%"
"2019-5-17","0.520","0.515","0.522","0.514","183.44M","2.16%"
"2019-5-16","0.509","0.507","0.509","0.507","53.83M","0.99%"
"2019-5-15","0.504","0.505","0.506","0.502","89.79M","1.00%"
"2019-5-14","0.499","0.498","0.501","0.496","124.38M","-1.58%"
"2019-5-13","0.507","0.505","0.507","0.504","49.41M","0.00%"
"2019-5-10","0.507","0.504","0.509","0.500","110.96M","1.20%"
"2019-5-9","0.501","0.505","0.505","0.500","78.20M","-0.99%"
"2019-5-8","0.506","0.503","0.508","0.502","49.25M","-0.59%"
"2019-5-7","0.509","0.504","0.510","0.503","75.04M","2.00%"
"2019-5-6","0.499","0.500","0.504","0.498","182.88M","-5.13%"
"2019-4-30","0.526","0.522","0.527","0.522","45.57M","1.35%"
"2019-4-29","0.519","0.527","0.528","0.519","70.66M","-2.63%"
"2019-4-26","0.533","0.535","0.536","0.532","73.66M","-1.84%"
"2019-4-25","0.543","0.539","0.543","0.538","66.68M","-0.55%"
"2019-4-24","0.546","0.549","0.550","0.546","70.37M","-1.27%"
"2019-4-23","0.553","0.546","0.555","0.546","174.22M","2.60%"
"2019-4-22","0.539","0.532","0.545","0.532","130.35M","1.89%"
"2019-4-19","0.529","0.528","0.530","0.527","36.42M","-0.19%"
"2019-4-18","0.530","0.533","0.533","0.530","49.41M","-1.12%"
"2019-4-17","0.536","0.535","0.536","0.534","58.04M","0.75%"
"2019-4-16","0.532","0.531","0.533","0.531","55.69M","-0.19%"
"2019-4-15","0.533","0.535","0.535","0.531","108.66M","1.72%"
"2019-4-12","0.524","0.522","0.525","0.522","36.76M","-0.57%"
"2019-4-11","0.527","0.529","0.530","0.526","53.48M","0.57%"
"2019-4-10","0.524","0.524","0.525","0.522","63.96M","-1.13%"
"2019-4-9","0.530","0.532","0.533","0.530","79.85M","0.57%"
"2019-4-8","0.527","0.525","0.528","0.525","113.63M","2.93%"
"2019-4-4","0.512","0.511","0.513","0.509","113.09M","-1.73%"
"2019-4-3","0.521","0.520","0.521","0.518","80.23M","0.00%"
"2019-4-2","0.521","0.524","0.525","0.520","77.95M","0.19%"
"2019-4-1","0.520","0.514","0.520","0.514","114.80M","1.36%"
"2019-3-29","0.513","0.514","0.516","0.513","76.82M","0.59%"
"2019-3-28","0.510","0.510","0.511","0.509","75.71M","-0.20%"
"2019-3-27","0.511","0.509","0.512","0.509","75.33M","1.59%"
"2019-3-26","0.503","0.502","0.503","0.501","48.00M","0.60%"
"2019-3-25","0.500","0.502","0.503","0.500","135.58M","-3.85%"
"2019-3-22","0.520","0.518","0.521","0.517","132.04M","1.76%"
"2019-3-21","0.511","0.513","0.513","0.510","127.95M","1.79%"
"2019-3-20","0.502","0.503","0.504","0.502","55.63M","-0.79%"
"2019-3-19","0.506","0.507","0.508","0.505","125.08M","1.20%"
"2019-3-18","0.500","0.498","0.500","0.497","103.09M","-0.20%"
"2019-3-15","0.501","0.501","0.501","0.499","68.69M","0.00%"
"2019-3-14","0.501","0.502","0.502","0.499","107.05M","0.80%"
"2019-3-13","0.497","0.494","0.498","0.494","93.39M","1.22%"
"2019-3-12","0.491","0.489","0.492","0.488","133.82M","0.61%"
"2019-3-11","0.488","0.483","0.488","0.481","171.34M","-0.81%"
"2019-3-8","0.492","0.494","0.494","0.491","92.35M","-1.20%"
"2019-3-7","0.498","0.499","0.500","0.498","127.78M","-1.39%"
"2019-3-6","0.505","0.506","0.506","0.504","71.49M","-0.39%"
"2019-3-5","0.507","0.508","0.508","0.507","43.69M","0.00%"
"2019-3-4","0.507","0.506","0.507","0.504","95.16M","0.20%"
"2019-3-1","0.506","0.505","0.506","0.503","69.51M","-0.20%"
"2019-2-28","0.507","0.508","0.508","0.506","56.63M","0.00%"
"2019-2-27","0.507","0.506","0.508","0.506","46.29M","0.00%"
"2019-2-26","0.507","0.510","0.510","0.506","113.89M","-1.55%"
"2019-2-25","0.515","0.513","0.516","0.512","133.53M","0.00%"
"2019-2-22","0.515","0.511","0.515","0.510","79.38M","-0.96%"
"2019-2-21","0.520","0.519","0.523","0.518","98.91M","0.97%"
"2019-2-20","0.515","0.517","0.518","0.514","120.73M","-0.96%"
"2019-2-19","0.520","0.518","0.521","0.516","87.41M","0.00%"
"2019-2-18","0.520","0.518","0.521","0.516","121.10M","2.97%"
"2019-2-15","0.505","0.509","0.510","0.504","92.73M","-0.20%"
"2019-2-14","0.506","0.504","0.506","0.503","88.32M","1.00%"
"2019-2-13","0.501","0.500","0.502","0.498","75.90M","1.21%"
"2019-2-12","0.495","0.494","0.495","0.492","101.77M","0.81%"
"2019-2-11","0.491","0.490","0.493","0.488","247.60M","-4.84%"
"2019-2-1","0.516","0.515","0.517","0.510","57.10M","-0.58%"
"2019-1-31","0.519","0.518","0.523","0.518","73.33M","1.76%"
"2019-1-30","0.510","0.510","0.512","0.508","31.30M","0.59%"
"2019-1-29","0.507","0.508","0.510","0.506","49.11M","-0.98%"
"2019-1-28","0.512","0.516","0.516","0.511","39.78M","-0.39%"
"2019-1-25","0.514","0.510","0.515","0.508","45.31M","1.58%"
"2019-1-24","0.506","0.508","0.509","0.503","80.31M","-2.13%"
"2019-1-23","0.517","0.515","0.517","0.513","73.84M","-2.08%"
"2019-1-22","0.528","0.534","0.534","0.527","44.84M","-1.12%"
"2019-1-21","0.534","0.531","0.535","0.530","69.05M","1.52%"
"2019-1-18","0.526","0.523","0.526","0.523","55.49M","1.94%"
"2019-1-17","0.516","0.517","0.518","0.515","38.87M","-0.39%"
"2019-1-16","0.518","0.517","0.519","0.516","61.39M","0.39%"
"2019-1-15","0.516","0.512","0.517","0.512","108.26M","2.38%"
"2019-1-14","0.504","0.513","0.513","0.502","127.62M","-2.51%"
"2019-1-11","0.517","0.518","0.519","0.515","74.29M","0.78%"
"2019-1-10","0.513","0.519","0.519","0.513","138.61M","-0.97%"
"2019-1-9","0.518","0.512","0.518","0.512","136.48M","2.98%"
"2019-1-8","0.503","0.503","0.505","0.500","170.42M","2.44%"
"2019-1-7","0.491","0.487","0.493","0.486","173.09M","4.25%"
"2019-1-4","0.471","0.461","0.472","0.460","152.00M","2.61%"
"2019-1-3","0.459","0.457","0.462","0.456","151.48M","2.68%"
"2019-1-2","0.447","0.458","0.458","0.446","133.69M","-2.19%"
"2018-12-28","0.457","0.458","0.459","0.454","148.21M","1.33%"
"2018-12-27","0.451","0.458","0.459","0.450","418.02M","3.44%"
"2018-12-26","0.436","0.438","0.439","0.435","170.26M","-1.58%"
"2018-12-25","0.443","0.442","0.445","0.441","233.57M","-3.90%"
"2018-12-24","0.461","0.457","0.463","0.456","212.38M","-1.07%"
"2018-12-21","0.466","0.462","0.467","0.462","167.17M","-2.71%"
"2018-12-20","0.479","0.477","0.479","0.471","167.86M","-0.42%"
"2018-12-19","0.481","0.485","0.485","0.481","190.61M","-3.22%"
"2018-12-18","0.497","0.497","0.499","0.496","125.00M","-2.55%"
"2018-12-17","0.510","0.511","0.513","0.509","155.81M","-3.04%"
"2018-12-14","0.526","0.533","0.533","0.526","145.66M","-1.87%"
"2018-12-13","0.536","0.536","0.537","0.534","118.90M","-0.74%"
"2018-12-12","0.540","0.541","0.542","0.538","92.55M","-0.74%"
"2018-12-11","0.544","0.555","0.555","0.543","135.94M","-3.55%"
"2018-12-10","0.564","0.562","0.568","0.562","44.59M","0.18%"
"2018-12-7","0.563","0.558","0.570","0.558","46.38M","-1.57%"
"2018-12-6","0.572","0.573","0.578","0.572","34.65M","-0.35%"
"2018-12-5","0.574","0.572","0.575","0.572","61.70M","-2.38%"
"2018-12-4","0.588","0.592","0.592","0.586","86.74M","-1.18%"
"2018-12-3","0.595","0.585","0.596","0.585","95.39M","2.76%"
"2018-11-30","0.579","0.572","0.582","0.572","60.23M","2.12%"
"2018-11-29","0.567","0.572","0.574","0.566","39.58M","-0.87%"
"2018-11-28","0.572","0.565","0.573","0.565","51.67M","1.06%"
"2018-11-27","0.566","0.566","0.567","0.563","46.35M","0.35%"
"2018-11-26","0.564","0.565","0.568","0.560","87.99M","-1.57%"
"2018-11-23","0.573","0.578","0.581","0.570","44.81M","-1.38%"
"2018-11-22","0.581","0.582","0.583","0.579","26.81M","0.69%"
"2018-11-21","0.577","0.571","0.578","0.571","77.82M","-3.03%"
"2018-11-20","0.595","0.601","0.602","0.595","48.05M","-1.82%"
"2018-11-19","0.606","0.604","0.606","0.603","35.88M","0.00%"
"2018-11-16","0.606","0.604","0.606","0.603","39.72M","0.66%"
"2018-11-15","0.602","0.597","0.602","0.597","36.74M","0.50%"
"2018-11-14","0.599","0.600","0.601","0.597","59.12M","-2.76%"
"2018-11-13","0.616","0.613","0.616","0.611","65.68M","-2.69%"
"2018-11-12","0.633","0.629","0.636","0.629","26.28M","0.96%"
"2018-11-9","0.627","0.622","0.628","0.622","24.08M","-2.49%"
"2018-11-8","0.643","0.641","0.645","0.641","31.53M","1.74%"
"2018-11-7","0.632","0.634","0.634","0.629","29.50M","-1.25%"
"2018-11-6","0.640","0.634","0.645","0.632","43.65M","3.23%"
"2018-11-5","0.620","0.621","0.622","0.615","27.94M","-1.59%"
"2018-11-2","0.630","0.627","0.631","0.624","35.32M","2.11%"
"2018-11-1","0.617","0.620","0.622","0.617","32.70M","0.65%"
"2018-10-31","0.613","0.610","0.614","0.610","33.16M","0.66%"
"2018-10-30","0.609","0.607","0.609","0.604","60.68M","-2.56%"
"2018-10-29","0.625","0.628","0.632","0.624","18.32M","-1.26%"
"2018-10-26","0.633","0.632","0.633","0.630","19.40M","0.48%"
"2018-10-25","0.630","0.629","0.630","0.625","50.45M","-4.69%"
"2018-10-24","0.661","0.656","0.661","0.655","38.72M","-1.93%"
"2018-10-23","0.674","0.677","0.678","0.673","33.13M","-1.89%"
"2018-10-22","0.687","0.690","0.690","0.680","48.03M","-0.87%"
"2018-10-19","0.693","0.688","0.693","0.685","28.38M","0.00%"
"2018-10-18","0.693","0.702","0.702","0.693","34.92M","-2.81%"
"2018-10-17","0.713","0.709","0.714","0.708","18.57M","1.86%"
"2018-10-16","0.700","0.702","0.707","0.700","11.72M","-0.14%"
"2018-10-15","0.701","0.705","0.709","0.699","14.33M","-0.43%"
"2018-10-12","0.704","0.687","0.707","0.687","33.98M","0.57%"
"2018-10-11","0.700","0.711","0.712","0.700","48.22M","-6.04%"
"2018-10-10","0.745","0.740","0.745","0.739","20.23M","1.22%"
"2018-10-9","0.736","0.732","0.737","0.732","20.82M","0.82%"
"2018-10-8","0.730","0.730","0.738","0.729","25.36M","0.27%"
"2018-9-28","0.728","0.728","0.729","0.726","12.82M","0.14%"
"2018-9-27","0.727","0.724","0.727","0.723","26.53M","-0.14%"
"2018-9-26","0.728","0.727","0.728","0.725","18.95M","0.41%"
"2018-9-25","0.725","0.720","0.726","0.720","47.69M","2.55%"
"2018-9-21","0.707","0.708","0.708","0.704","15.52M","-0.56%"
"2018-9-20","0.711","0.710","0.713","0.709","20.56M","1.43%"
"2018-9-19","0.701","0.701","0.702","0.698","17.59M","1.30%"
"2018-9-18","0.692","0.691","0.692","0.688","9.63M","-0.14%"
"2018-9-17","0.693","0.691","0.694","0.691","6.76M","0.43%"
"2018-9-14","0.690","0.690","0.692","0.689","7.06M","-0.29%"
"2018-9-13","0.692","0.699","0.700","0.691","14.74M","-0.57%"
"2018-9-12","0.696","0.690","0.697","0.690","24.96M","2.50%"
"2018-9-11","0.679","0.679","0.680","0.677","8.42M","0.00%"
"2018-9-10","0.679","0.677","0.680","0.676","10.56M","-0.15%"
"2018-9-7","0.680","0.678","0.681","0.677","26.36M","-2.02%"
"2018-9-6","0.694","0.698","0.698","0.692","11.77M","-1.14%"
"2018-9-5","0.702","0.704","0.706","0.700","10.17M","-1.27%"
"2018-9-4","0.711","0.706","0.711","0.706","9.47M","0.99%"
"2018-9-3","0.704","0.709","0.709","0.704","9.42M","-0.98%"
"2018-8-31","0.711","0.711","0.715","0.711","16.24M","0.14%"
"2018-8-30","0.710","0.705","0.710","0.704","14.43M","1.72%"
"2018-8-29","0.698","0.700","0.700","0.697","10.94M","-0.71%"
"2018-8-28","0.703","0.705","0.705","0.702","11.53M","0.14%"
"2018-8-27","0.702","0.704","0.705","0.702","24.73M","-0.14%"
"2018-8-24","0.703","0.697","0.703","0.697","17.08M","1.01%"
"2018-8-23","0.696","0.697","0.700","0.695","18.50M","1.46%"
"2018-8-22","0.686","0.685","0.687","0.685","9.02M","1.33%"
"2018-8-21","0.677","0.675","0.677","0.674","18.13M","1.35%"
"2018-8-20","0.668","0.671","0.671","0.665","26.73M","0.00%"
"2018-8-17","0.668","0.671","0.671","0.667","12.62M","0.30%"
"2018-8-16","0.666","0.663","0.669","0.663","30.68M","-3.48%"
"2018-8-15","0.690","0.690","0.691","0.689","12.15M","0.00%"
"2018-8-14","0.690","0.689","0.691","0.687","27.83M","-1.57%"
"2018-8-13","0.701","0.697","0.701","0.697","23.21M","1.30%"
"2018-8-10","0.692","0.694","0.694","0.691","22.08M","-1.14%"
"2018-8-9","0.700","0.701","0.701","0.697","27.63M","-1.41%"
"2018-8-8","0.710","0.713","0.714","0.708","34.99M","-1.11%"
"2018-8-7","0.718","0.710","0.718","0.709","26.62M","1.41%"
"2018-8-6","0.708","0.707","0.711","0.706","23.80M","-1.12%"
"2018-8-3","0.716","0.710","0.716","0.710","16.49M","0.99%"
"2018-8-2","0.709","0.710","0.710","0.706","17.78M","-0.70%"
"2018-8-1","0.714","0.714","0.716","0.712","28.48M","-0.28%"
"2018-7-31","0.716","0.717","0.719","0.715","29.47M","1.13%"
"2018-7-30","0.708","0.707","0.709","0.705","18.66M","-1.39%"
"2018-7-27","0.718","0.717","0.720","0.717","15.92M","0.56%"
"2018-7-26","0.714","0.716","0.716","0.712","23.65M","0.42%"
"2018-7-25","0.711","0.712","0.713","0.710","23.73M","0.85%"
"2018-7-24","0.705","0.706","0.708","0.702","41.38M","0.28%"
"2018-7-23","0.703","0.708","0.708","0.702","21.10M","-1.13%"
"2018-7-20","0.711","0.706","0.711","0.706","20.10M","1.72%"
"2018-7-19","0.699","0.697","0.700","0.696","19.57M","0.72%"
"2018-7-18","0.694","0.694","0.696","0.693","18.21M","0.29%"
"2018-7-17","0.692","0.693","0.695","0.690","22.98M","-1.98%"
"2018-7-16","0.706","0.706","0.707","0.704","12.44M","0.43%"
"2018-7-13","0.703","0.705","0.707","0.703","16.55M","-0.71%"
"2018-7-12","0.708","0.703","0.710","0.703","47.79M","-1.39%"
"2018-7-11","0.718","0.716","0.720","0.713","18.68M","-0.83%"
"2018-7-10","0.724","0.721","0.726","0.720","35.35M","1.97%"
"2018-7-9","0.710","0.701","0.710","0.701","26.05M","2.45%"
"2018-7-6","0.693","0.694","0.695","0.688","30.49M","0.73%"
"2018-7-5","0.688","0.690","0.692","0.687","22.96M","-0.58%"
"2018-7-4","0.692","0.697","0.699","0.692","21.78M","-0.72%"
"2018-7-3","0.697","0.690","0.699","0.690","38.07M","1.31%"
"2018-7-2","0.688","0.695","0.695","0.688","28.52M","-0.29%"
"2018-6-29","0.690","0.691","0.695","0.689","59.76M","0.00%"
"2018-6-28","0.690","0.694","0.697","0.689","52.82M","0.73%"
"2018-6-27","0.685","0.679","0.686","0.679","40.70M","2.54%"
"2018-6-26","0.668","0.660","0.668","0.660","20.97M","-0.74%"
"2018-6-25","0.673","0.675","0.675","0.671","34.16M","1.66%"
"2018-6-22","0.662","0.656","0.663","0.656","24.87M","-0.90%"
"2018-6-21","0.668","0.670","0.671","0.668","43.01M","1.52%"
"2018-6-20","0.658","0.655","0.658","0.654","39.80M","3.13%"
"2018-6-19","0.638","0.648","0.648","0.637","70.77M","-2.45%"
"2018-6-15","0.654","0.655","0.656","0.653","15.57M","-0.91%"
"2018-6-14","0.660","0.660","0.662","0.659","9.81M","0.00%"
"2018-6-13","0.660","0.662","0.662","0.659","11.60M","-0.90%"
"2018-6-12","0.666","0.663","0.666","0.663","17.48M","1.22%"
"2018-6-11","0.658","0.657","0.659","0.657","13.33M","-0.30%"
"2018-6-8","0.660","0.661","0.662","0.659","28.15M","1.85%"
"2018-6-7","0.648","0.650","0.650","0.647","17.25M","-0.61%"
"2018-6-6","0.652","0.651","0.652","0.648","33.99M","0.15%"
"2018-6-5","0.651","0.647","0.652","0.647","34.96M","-1.66%"
"2018-6-4","0.662","0.662","0.664","0.660","35.32M","-0.15%"
"2018-6-1","0.663","0.661","0.663","0.660","31.76M","0.30%"
"2018-5-31","0.661","0.663","0.664","0.660","72.64M","2.80%"
"2018-5-30","0.643","0.639","0.644","0.638","59.98M","1.90%"
"2018-5-29","0.631","0.629","0.635","0.629","42.28M","0.32%"
"2018-5-28","0.629","0.637","0.637","0.627","89.25M","-3.97%"
"2018-5-25","0.655","0.658","0.659","0.655","48.97M","-1.36%"
"2018-5-24","0.664","0.665","0.667","0.662","59.90M","-0.90%"
"2018-5-23","0.670","0.676","0.676","0.669","50.59M","-3.18%"
"2018-5-22","0.692","0.687","0.694","0.687","66.78M","2.22%"
"2018-5-21","0.677","0.678","0.682","0.677","78.00M","-0.15%"
"2018-5-18","0.678","0.676","0.679","0.676","68.96M","3.04%"
"2018-5-17","0.658","0.658","0.659","0.657","30.97M","0.92%"
"2018-5-16","0.652","0.651","0.654","0.651","30.75M","0.62%"
"2018-5-15","0.648","0.646","0.651","0.646","44.26M","1.41%"
"2018-5-14","0.639","0.643","0.643","0.639","43.44M","-1.08%"
"2018-5-11","0.646","0.649","0.649","0.644","57.05M","-0.15%"
"2018-5-10","0.647","0.650","0.655","0.646","97.04M","1.25%"
"2018-5-9","0.639","0.635","0.639","0.635","88.31M","2.73%"
"2018-5-8","0.622","0.620","0.622","0.619","43.41M","0.32%"
"2018-5-7","0.620","0.617","0.621","0.616","54.23M","2.31%"
"2018-5-4","0.606","0.608","0.609","0.606","37.59M","-1.78%"
"2018-5-3","0.617","0.616","0.618","0.615","51.33M","0.98%"
"2018-5-2","0.611","0.607","0.611","0.606","71.77M","-0.16%"
"2018-4-27","0.612","0.611","0.612","0.610","41.02M","1.49%"
"2018-4-26","0.603","0.603","0.605","0.602","56.59M","2.03%"
"2018-4-25","0.591","0.599","0.599","0.588","101.80M","-2.64%"
"2018-4-24","0.607","0.602","0.609","0.601","55.60M","2.02%"
"2018-4-23","0.595","0.597","0.598","0.594","38.25M","-0.34%"
"2018-4-20","0.597","0.598","0.600","0.595","53.92M","-0.17%"
"2018-4-19","0.598","0.599","0.600","0.597","59.36M","2.05%"
"2018-4-18","0.586","0.582","0.586","0.582","63.86M","1.56%"
"2018-4-17","0.577","0.577","0.579","0.576","66.53M","1.05%"
"2018-4-16","0.571","0.573","0.574","0.570","84.18M","0.71%"
"2018-4-13","0.567","0.566","0.567","0.565","31.12M","-0.18%"
"2018-4-12","0.568","0.567","0.568","0.564","117.65M","2.34%"
"2018-4-11","0.555","0.558","0.560","0.554","107.96M","1.28%"
"2018-4-10","0.548","0.543","0.548","0.540","58.01M","1.11%"
"2018-4-9","0.542","0.536","0.542","0.536","65.41M","1.12%"
"2018-4-4","0.536","0.538","0.538","0.535","38.15M","0.19%"
"2018-4-3","0.535","0.534","0.535","0.533","43.47M","-2.01%"
"2018-4-2","0.546","0.545","0.548","0.544","40.58M","0.37%"
"2018-3-30","0.544","0.545","0.546","0.542","59.74M","1.68%"
"2018-3-29","0.535","0.535","0.535","0.531","55.81M","0.00%"
"2018-3-28","0.535","0.535","0.536","0.530","52.33M","-2.01%"
"2018-3-27","0.546","0.547","0.549","0.543","82.95M","1.30%"
"2018-3-26","0.539","0.547","0.547","0.537","125.58M","-1.28%"
"2018-3-23","0.546","0.546","0.550","0.545","108.36M","-1.09%"
"2018-3-22","0.552","0.555","0.556","0.551","84.11M","2.60%"
"2018-3-21","0.538","0.537","0.539","0.536","26.56M","0.94%"
"2018-3-20","0.533","0.531","0.533","0.530","32.65M","-1.11%"
"2018-3-19","0.539","0.540","0.541","0.539","13.60M","0.37%"
"2018-3-16","0.537","0.536","0.537","0.535","20.91M","-1.10%"
"2018-3-15","0.543","0.540","0.543","0.540","20.29M","0.37%"
"2018-3-14","0.541","0.542","0.542","0.540","18.25M","-0.18%"
"2018-3-13","0.542","0.544","0.544","0.542","27.02M","-0.37%"
"2018-3-12","0.544","0.544","0.547","0.544","40.22M","1.30%"
"2018-3-9","0.537","0.536","0.538","0.535","29.39M","0.37%"
"2018-3-8","0.535","0.532","0.537","0.532","23.80M","0.00%"
"2018-3-7","0.535","0.539","0.539","0.535","41.43M","-1.83%"
"2018-3-6","0.545","0.544","0.545","0.544","38.65M","1.87%"