dt,close
2014-04-11,5.6201814552
2014-04-14,5.5759229826
2014-04-15,5.5380628658
2014-04-16,5.4712060558
2014-04-17,5.5494031899
2014-04-18,5.5474596535
2014-04-21,5.4508093207
2014-04-22,5.4730235474999995
2014-04-23,5.5539849282
2014-04-24,5.5516236828
2014-04-25,5.3180973761
2014-04-28,5.277000622199999
2014-04-29,5.2932778403
2014-04-30,5.2945320009
2014-05-05,5.2056828773
2014-05-06,5.214235868199999
2014-05-07,5.209360605600001
2014-05-08,5.2131831673
2014-05-09,5.2109391919
2014-05-12,5.242513607899999
2014-05-13,5.2452396052
2014-05-14,5.1332900104
2014-05-15,5.1404072466
2014-05-16,5.1299767837
2014-05-19,4.9586814323
2014-05-20,4.8993444268
2014-05-21,5.0354016948
2014-05-22,5.0239707246
2014-05-23,5.0914236162
2014-05-26,5.1161151292
2014-05-27,5.1091379525
2014-05-28,5.1451467879
2014-05-29,5.1521083374
2014-05-30,5.128470179100001
2014-06-03,5.1214797833
2014-06-04,5.0723895099
2014-06-05,5.1607307525
2014-06-06,5.1185804577
2014-06-09,5.1182442092
2014-06-10,5.1709648027
2014-06-11,5.1496431316
2014-06-12,5.1152946322999995
2014-06-13,5.1384055018999995
2014-06-16,5.1930036622
2014-06-17,5.150267267
2014-06-18,5.1523044749
2014-06-19,5.120650873
2014-06-20,5.1372190433
2014-06-23,5.186694063099999
2014-06-24,5.344877264
2014-06-25,5.2881557488999995
2014-06-26,5.289125014000001
2014-06-27,5.2587099384
2014-06-30,5.3053363636
2014-07-01,5.2893474317999996
2014-07-02,5.3046677366
2014-07-03,5.3441403984999996
2014-07-04,5.3517440059000005
2014-07-07,5.3762506354
2014-07-08,5.3319999654
2014-07-09,5.2864829327
2014-07-10,5.2863605771
2014-07-11,5.3223316407
2014-07-14,5.5281805943
2014-07-15,5.625476450999999
2014-07-16,5.6513129838
2014-07-17,5.6250798004
2014-07-18,5.805420251599999
2014-07-21,5.8047651142
2014-07-22,5.8855830139
2014-07-23,5.9233611936
2014-07-24,5.9657693661
2014-07-25,5.9935463066
2014-07-28,6.0591445871000005
2014-07-29,5.9927781411000005
2014-07-30,5.9121117209000005
2014-07-31,5.9742183637999995
2014-08-01,6.028363279100001
2014-08-04,6.1084445617
2014-08-05,6.1345546116
2014-08-06,6.039173614399999
2014-08-07,5.9418851195
2014-08-08,5.9834520761
2014-08-11,6.044093781300001
2014-08-12,6.0002226192000006
2014-08-13,6.0002047733
2014-08-14,5.958922984299999
2014-08-15,5.9761869935
2014-08-18,5.9436114150999995
2014-08-19,5.9190003547
2014-08-20,5.980888612699999
2014-08-21,5.9253880002
2014-08-22,5.9233859481
2014-08-25,5.891356677599999
2014-08-26,5.8767623888
2014-08-27,5.8377811966
2014-08-28,5.8131237926
2014-08-29,5.897018115
2014-09-01,5.9037947569
2014-09-02,6.022611254299999
2014-09-03,6.1091086756
2014-09-04,6.1323155823
2014-09-05,6.2105323249
2014-09-09,6.107292902299999
2014-09-10,6.0821076973
2014-09-11,6.0239920567
2014-09-12,6.043706557
2014-09-15,5.9569238649
2014-09-16,5.8990437061000005
2014-09-17,5.917376607
2014-09-18,5.9444911785
2014-09-19,5.9891897768
2014-09-22,5.855447187599999
2014-09-23,5.8812259697
2014-09-24,5.9742586504999995
2014-09-25,6.0152312228
2014-09-26,6.0117773687
2014-09-29,6.0120342409
2014-09-30,6.004403787599999
2014-10-08,5.9942749721999995
2014-10-09,5.976385194000001
2014-10-10,5.939189188
2014-10-13,5.8511681830999995
2014-10-14,5.8099496243
2014-10-15,5.882800539
2014-10-16,5.8694786822000005
2014-10-17,5.8920951301999995
2014-10-20,5.8665836162
2014-10-21,5.90230782
2014-10-22,5.9146426529
2014-10-23,5.9024956108
2014-10-24,5.8937685422
2014-10-27,5.821710959
2014-10-28,5.890042429099999
2014-10-29,5.9101716956
2014-10-30,5.867637566600001
2014-10-31,5.9438334858
2014-11-03,5.9113032347
2014-11-04,5.8090944972
2014-11-05,5.681754618899999
2014-11-06,5.698462276
2014-11-07,5.7207190489
2014-11-10,5.9224396744
2014-11-11,5.9474800879
2014-11-12,5.9467619293
2014-11-13,5.9271972187
2014-11-14,6.065807340499999
2014-11-17,6.1200848652
2014-11-18,5.9582997627
2014-11-19,5.8863805435
2014-11-20,5.8311264644000005
2014-11-21,5.9263669936
2014-11-24,5.9907901025
2014-11-25,6.0381595384
2014-11-26,6.0938015374
2014-11-27,6.1225423848
2014-11-28,6.2078798717
2014-12-01,6.3057788746
2014-12-02,6.4346393158
2014-12-03,6.5324852075
2014-12-04,6.9058853641999995
2014-12-05,6.847777895399999
2014-12-08,6.9892588495000005
2014-12-09,6.8003468727
2014-12-10,7.1176579327
2014-12-11,7.025889642099999
2014-12-12,6.9946488658
2014-12-15,7.131833584600001
2014-12-16,7.1203644824
2014-12-17,7.201643048999999
2014-12-18,7.1920146736
2014-12-19,7.303909384
2014-12-22,7.4822177689
2014-12-23,7.4810106947
2014-12-24,7.233623650299999
2014-12-25,7.3890908832
2014-12-26,7.5179401788
2014-12-29,7.4334413335
2014-12-30,7.538215640500001
2014-12-31,7.753232067600001
2015-01-05,8.1810881638
2015-01-06,8.0336051161
2015-01-07,7.9059060471
2015-01-08,7.7590177342
2015-01-09,7.7078305584999995
2015-01-12,7.5660151884
2015-01-13,7.5128326891
2015-01-14,7.496956235599999
2015-01-15,7.6727657294
2015-01-16,7.679826950399999
2015-01-19,7.1127618068
2015-01-20,7.199257396499999
2015-01-21,7.444829390600001
2015-01-22,7.4225444283
2015-01-23,7.435698369800001
2015-01-26,7.4672863297
2015-01-27,7.3224713305
2015-01-28,7.221076125800001
2015-01-29,7.177667027
2015-01-30,7.1768385289
2015-02-02,7.0447715878
2015-02-03,7.1929928298
2015-02-04,7.1455581069
2015-02-05,7.041163847599999
2015-02-06,6.9953842186
2015-02-09,7.245093273
2015-02-10,7.263775186
2015-02-11,7.2808174919
2015-02-12,7.3053985636
2015-02-13,7.3020536945
2015-02-16,7.3175004658
2015-02-17,7.316981195
2015-02-25,7.3101968346
2015-02-26,7.4467423753
2015-02-27,7.560472857100001
2015-03-02,7.5512595259
2015-03-03,7.3392473413
2015-03-04,7.372588081299999
2015-03-05,7.265980923699999
2015-03-06,7.234589123699999
2015-03-09,7.512505721
2015-03-10,7.370923943599999
2015-03-11,7.4788565143
2015-03-12,7.5850348169
2015-03-13,7.5251966135
2015-03-16,7.6671846305999996
2015-03-17,7.7642686951
2015-03-18,7.8980352167
2015-03-19,7.7873716386
2015-03-20,7.751192778
2015-03-23,7.840460989399999
2015-03-24,7.8387552689
2015-03-25,7.6823936120999985
2015-03-26,7.8420248893
2015-03-27,7.7527073477999995
2015-03-30,7.9217261357
2015-03-31,7.8453358763
2015-04-01,7.8627004098
2015-04-02,7.8180616853
2015-04-03,6.849375018199999
2015-04-07,6.9965680879
2015-04-08,7.1003604937
2015-04-09,7.010187137899999
2015-04-10,7.0365362694
2015-04-13,8.3168457491
2015-04-14,8.361728878400001
2015-04-15,8.3797774592
2015-04-16,9.0095591811
2015-04-17,9.204635635099999
2015-04-20,9.1961700504
2015-04-21,9.818608018399999
2015-04-22,10.0388872457
2015-04-23,9.8506941944
2015-04-24,9.8329787276
2015-04-27,9.9663658421
2015-04-28,9.7895686482
2015-04-29,9.7913970695
2015-04-30,9.821409221500002
2015-05-04,9.9649299961
2015-05-05,9.4009669849
2015-05-06,9.3996869997
2015-05-07,9.3969386263
2015-05-08,9.6469498
2015-05-11,9.7884390821
2015-05-12,9.741762553600001
2015-05-13,9.743804793999999
2015-05-14,9.621214968699999
2015-05-15,9.3779582702
2015-05-18,9.2162887963
2015-05-19,9.5530411423
2015-05-20,9.6725064601
2015-05-21,9.807780029
2015-05-22,10.3406330557
2015-05-25,10.7155049281
2015-05-26,10.7272791066
2015-05-27,10.4887050779
2015-05-28,9.867623905
2015-05-29,9.910222403399999
2015-06-01,10.2548369414
2015-06-02,10.1783707192
2015-06-03,10.1121040843
2015-06-04,10.1059041632
2015-06-05,10.0362910003
2015-06-08,10.475973333999999
2015-06-09,10.3102359594
2015-06-10,10.2932327535
2015-06-11,10.2399582404
2015-06-12,10.4113047456
2015-06-15,9.6448013563
2015-06-16,9.3671380781
2015-06-17,9.4506589246
2015-06-18,9.099393406599999
2015-06-19,8.6948939105
2015-06-23,9.216979101700002
2015-06-24,9.5193223687
2015-06-25,9.204737223199999
2015-06-26,8.7916149601
2015-06-29,8.925643046400001
2015-06-30,9.3997384761
2015-07-01,9.289662209200001
2015-07-02,9.332116230899999
2015-07-03,8.9371023876
2015-07-06,9.2511958898
2015-07-07,9.155063761800001
2015-07-08,8.708313802
2015-07-09,9.386368056399998
2015-07-10,9.6561362143
2015-07-13,9.4019506591
2015-07-14,9.0724587603
2015-07-15,9.1677739559
2015-07-16,9.133038421799998
2015-07-17,9.2788552056
2015-07-20,9.1961938824
2015-07-21,9.0745946156
2015-07-22,8.9262893313
2015-07-23,9.0389011757
2015-07-24,8.9984646544
2015-07-27,8.2727685468
2015-07-28,8.404919509900001
2015-07-29,8.5031478289
2015-07-30,8.3937639866
2015-07-31,8.453447160900001
2015-08-03,8.6207367788
2015-08-04,8.715214415399998
2015-08-05,8.5269927157
2015-08-06,8.4731543954
2015-08-07,8.560880194900001
2015-08-10,8.8093235104
2015-08-11,8.7515900142
2015-08-12,8.663050289000001
2015-08-13,8.6736642809
2015-08-14,8.678810271
2015-08-17,8.549564931499999
2015-08-18,8.2684247882
2015-08-19,8.3634023176
2015-08-20,8.1363600578
2015-08-21,7.8272055666
2015-08-24,7.1374733052
2015-08-25,7.1945408797
2015-08-26,7.492343959900001
2015-08-27,8.0118177169
2015-08-28,7.930537302100001
2015-08-31,8.0240416581
2015-09-01,8.0285917508
2015-09-02,8.033705837100001
2015-09-07,7.7478934625
2015-09-08,7.820714848700001
2015-09-09,7.9124509663
2015-09-10,7.9679265228
2015-09-11,7.931611780200001
2015-09-14,8.2842795177
2015-09-15,8.2107107934
2015-09-16,8.318175670999999
2015-09-17,8.078682199700001
2015-09-18,8.1220381324
2015-09-21,8.1184442212
2015-09-22,8.153414492900001
2015-09-23,7.9815359958
2015-09-24,7.946334333499999
2015-09-25,7.9502591624
2015-09-28,7.8672534372
2015-09-29,7.7952276661
2015-09-30,7.8302566571000005
2015-10-08,8.052263799
2015-10-09,8.067054289600001
2015-10-12,8.1544679269
2015-10-13,8.1524114596
2015-10-14,8.0994388535
2015-10-15,8.2215425919
2015-10-16,8.2757869147
2015-10-19,8.2865432346
2015-10-20,8.2740744609
2015-10-21,8.2642900929
2015-10-22,8.2905851836
2015-10-23,8.5173593799
2015-10-26,8.684061137699999
2015-10-27,8.6077228174
2015-10-28,8.5090488532
2015-10-29,8.5179736522
2015-10-30,8.5411154365
2015-11-02,8.4751422002
2015-11-03,8.4019010931
2015-11-04,8.6258251853
2015-11-05,8.7205874583
2015-11-06,8.784191729
2015-11-09,8.9139081461
2015-11-10,8.9099112685
2015-11-11,8.8271602503
2015-11-12,8.7890608436
2015-11-13,8.627389668000001
2015-11-16,9.0883306154
2015-11-17,9.1346057792
2015-11-18,9.1470964165
2015-11-19,9.167126665
2015-11-20,9.1157625115
2015-11-23,9.0714408719
2015-11-24,9.0304126194
2015-11-25,9.0574184545
2015-11-26,9.0278967324
2015-11-27,8.7925402902
2015-11-30,9.0259248605
2015-12-01,9.0496674892
2015-12-02,9.4383646044
2015-12-03,9.4320591356
2015-12-04,9.2251420652
2015-12-07,9.1764973819
2015-12-08,9.076448573099999
2015-12-09,9.2100849878
2015-12-10,9.1424817006
2015-12-11,9.0846946181
2015-12-14,9.1998440688
2015-12-15,9.2251159094
2015-12-16,9.1837617716
2015-12-17,9.332662238800001
2015-12-18,9.467962857
2015-12-21,9.0161114151
2015-12-22,8.956895535
2015-12-23,8.8870938075
2015-12-24,8.921826452
2015-12-25,8.920652044999999
2015-12-28,8.708730802
2015-12-29,8.7385197509
2015-12-30,8.742486832099999
2015-12-31,8.7033238729
2016-01-04,8.3642598451
2016-01-05,8.4380697018
2016-01-06,8.461600210699999
2016-01-07,8.0655208889
2016-01-08,8.1794098994
2016-01-11,7.9321356174
2016-01-12,7.839409912
2016-01-13,7.9049635322
2016-01-14,8.07013211
2016-01-15,7.847124678599999
2016-01-18,7.853996239199999
2016-01-19,8.1910184919
2016-01-20,7.937413211999999
2016-01-21,7.8391256897999995
2016-01-22,7.914504087799999
2016-01-25,7.934381075299999
2016-01-26,7.7128813674
2016-01-27,7.758116590099999
2016-01-28,7.6258840099
2016-01-29,7.7689676112
2016-02-01,7.744720901799999
2016-02-02,7.847139846899999
2016-02-03,7.8034855069999995
2016-02-04,7.8663871181000005
2016-02-05,7.8297012512999995
2016-02-15,7.709664152399999
2016-02-16,7.8551128137
2016-02-17,7.8234303705
2016-02-18,7.7991956752
2016-02-19,7.8156951931
2016-02-22,7.9862101011
2016-02-23,8.0854319646
2016-02-24,8.2370092726
2016-02-25,7.990350556599999
2016-02-26,8.1332571005
2016-02-29,8.0663968957
2016-03-01,8.176488277899999
2016-03-02,8.3928894415
2016-03-03,8.0638236281
2016-03-04,8.4441486392
2016-03-07,8.298710761599999
2016-03-08,8.1966503469
2016-03-09,8.1470165143
2016-03-10,8.110992508599999
2016-03-11,8.5709326332
2016-03-14,8.4856345883
2016-03-15,8.6944428406
2016-03-16,8.666656120799999
2016-03-17,8.6733621789
2016-03-18,8.579579432500001
2016-03-21,8.7503559459
2016-03-22,8.8053241661
2016-03-23,8.813693014
2016-03-24,8.988281213699999
2016-03-25,9.0496951808
2016-03-28,9.139955859999999
2016-03-29,9.0908261701
2016-03-30,9.1693730228
2016-03-31,9.1329157933
2016-04-01,9.104287659499999
2016-04-05,9.1198879684
2016-04-06,9.411901006799999
2016-04-07,9.3062289132
2016-04-08,9.1962789612
2016-04-11,9.0655165217
2016-04-12,9.0923846452
2016-04-13,9.049500835
2016-04-14,9.063536466399999
2016-04-15,9.1478950532
2016-04-18,9.115369211
2016-04-19,9.112151744599998
2016-04-20,8.9944573276
2016-04-21,9.0629521114
2016-04-22,9.2580040732
2016-04-25,9.1900508106
2016-04-26,9.1741274587
2016-04-27,9.1973580248
2016-04-28,9.2336093776
2016-04-29,9.3377781092
2016-05-03,9.5763435816
2016-05-04,9.469761669399999
2016-05-05,9.5061346947
2016-05-06,9.318061304099999
2016-05-09,9.2586610756
2016-05-10,9.278749089
2016-05-11,9.4130411281
2016-05-12,9.4177082862
2016-05-13,9.2915335484
2016-05-16,9.3072991306
2016-05-17,9.2588648026
2016-05-18,9.1292092116
2016-05-19,9.1555966746
2016-05-20,9.307920696
2016-05-23,9.3563657072
2016-05-24,9.275051898000001
2016-05-25,9.2919219317
2016-05-26,9.3261800129
2016-05-27,9.3187694477
2016-05-30,9.430640221400001
2016-05-31,9.6887434658
2016-06-01,9.652358629599998
2016-06-02,9.747528939599999
2016-06-03,10.1815306097
2016-06-06,9.963002766199999
2016-06-07,10.019176499
2016-06-08,9.928355070899999
2016-06-13,9.686145268499999
2016-06-14,9.8393939694
2016-06-15,9.9435352967
2016-06-16,9.866043316999999
2016-06-17,9.988683697799999
2016-06-20,9.936927380299998
2016-06-21,9.877137268699999
2016-06-22,10.0005906889
2016-06-23,9.926722258
2016-06-24,9.845343962
2016-06-27,10.051774844099999
2016-06-28,10.064665220399998
2016-06-29,10.0888203262
2016-06-30,10.1899058618
2016-07-01,10.2124003562
2016-07-04,11.1833645665
2016-07-05,11.281520153399999
2016-07-06,11.7284166032
2016-07-07,11.6905665241
2016-07-08,11.4868301592
2016-07-11,11.6197114022
2016-07-12,11.9050632789
2016-07-13,11.7268979726
2016-07-14,11.720706531800001
2016-07-15,11.7346008001
2016-07-18,11.697356609100002
2016-07-19,11.4617799746
2016-07-20,11.458335649299999
2016-07-21,11.6245388271
2016-07-22,11.4430144639
2016-07-25,11.5493673891
2016-07-26,11.7763596759
2016-07-27,11.6521127758
2016-07-28,11.716344487299999
2016-07-29,11.629964952800002
2016-08-01,11.472620467199999
2016-08-02,11.462733801899999
2016-08-03,11.481393122099998
2016-08-04,11.527002996499998
2016-08-05,11.5693276911
2016-08-08,11.672013459599999
2016-08-09,11.8921849009
2016-08-10,11.8254396776
2016-08-11,11.9120493108
2016-08-12,12.0557803737
2016-08-15,12.23633344
2016-08-16,12.0402421655
2016-08-17,11.9442055724
2016-08-18,11.8764856506
2016-08-19,11.8743638537
2016-08-22,11.896650224500002
2016-08-23,11.8796154866
2016-08-24,11.807827127500001
2016-08-25,11.7158887469
2016-08-26,11.663263751999999
2016-08-29,11.7939643182
2016-08-30,11.7598430199
2016-08-31,11.9739337498
2016-09-01,11.872331969300001
2016-09-02,11.8234279387
2016-09-05,11.8845751409
2016-09-06,11.9017022705
2016-09-07,11.8086232764
2016-09-08,11.7954569076
2016-09-09,11.7286129504
2016-09-12,11.532403368299999
2016-09-13,11.589401361799998
2016-09-14,11.5294155058
2016-09-19,11.567698256199998
2016-09-20,11.4199860876
2016-09-21,11.4435748221
2016-09-22,11.6194945865
2016-09-23,11.5868946171
2016-09-26,11.3149632045
2016-09-27,11.4008465255
2016-09-28,11.3312738642
2016-09-29,11.4243032542
2016-09-30,11.617437067600001
2016-10-10,11.9717955437
2016-10-11,12.175417940800001
2016-10-12,12.081191609100001
2016-10-13,12.0271250752
2016-10-14,12.0955175935
2016-10-17,11.9528901202
2016-10-18,12.0965611565
2016-10-19,12.070404578299998
2016-10-20,12.0457898095
2016-10-21,11.999056139099999
2016-10-24,12.112336759000002
2016-10-25,12.2533656828
2016-10-26,12.2592788203
2016-10-27,12.307801501
2016-10-28,12.3227247187
2016-10-31,12.348728109200001
2016-11-01,12.356125673300001
2016-11-02,12.2583321162
2016-11-03,12.292386872599998
2016-11-04,12.2547171781
2016-11-07,12.2516950156
2016-11-08,12.386311148099999
2016-11-09,12.3527660439
2016-11-10,12.449394223599999
2016-11-11,12.3329544464
2016-11-14,12.2345495275
2016-11-15,12.3561495309
2016-11-16,12.324442998600002
2016-11-17,12.289110307900001
2016-11-18,12.2802503263
2016-11-21,12.2807902441
2016-11-22,12.275155710800002
2016-11-23,12.4098713107
2016-11-24,12.5038391921
2016-11-25,12.553019422000002
2016-11-28,12.5752796714
2016-11-29,12.723224158899999
2016-11-30,12.6081699014
2016-12-01,12.4576477911
2016-12-02,12.454258439799998
2016-12-05,12.2637876488
2016-12-06,12.5242315928
2016-12-07,12.539932065999999
2016-12-08,13.0579433509
2016-12-09,13.1189632552
2016-12-12,12.766241779999998
2016-12-13,12.9121312933
2016-12-14,12.843928909600002
2016-12-15,12.6525076998
2016-12-16,12.632250620299999
2016-12-19,12.5324656121
2016-12-20,12.4912531841
2016-12-21,12.583536148
2016-12-22,12.4928879223
2016-12-23,12.336473888799999
2016-12-26,12.470354644599999
2016-12-27,12.521144970599998
2016-12-28,12.4419782135
2016-12-29,12.5127061971
2016-12-30,12.695373426
2017-01-03,12.750262226699999
2017-01-04,13.235770865200001
2017-01-05,13.1308137708
2017-01-06,13.2180865373
2017-01-09,13.160514808599999
2017-01-10,13.1675446725
2017-01-11,13.0404728274
2017-01-12,12.3551140613
2017-01-13,13.094004638100001
2017-01-16,13.0194868562
2017-01-17,13.201449742200001
2017-01-18,13.3834655835
2017-01-19,13.3406443331
2017-01-20,13.3572170003
2017-01-23,13.244197742499999
2017-01-24,13.020881072
2017-01-25,12.9539169562
2017-01-26,12.8793870411
2017-02-03,12.9061693971
2017-02-06,12.903911765
2017-02-07,12.8061087141
2017-02-08,12.8425958911
2017-02-09,12.945486111100001
2017-02-10,12.8902678795
2017-02-13,13.029731119
2017-02-14,13.037388674299999
2017-02-15,13.001282604100002
2017-02-16,12.988751661499998
2017-02-17,13.0249112212
2017-02-20,13.359950940700001
2017-02-21,13.3068744752
2017-02-22,13.3872416484
2017-02-23,13.370999505
2017-02-24,13.408930358300001
2017-02-27,13.492504955800001
2017-02-28,13.4177828841
2017-03-01,13.4679611722
2017-03-02,13.4417963945
2017-03-03,13.4143830614
2017-03-06,13.4850006539
2017-03-07,13.7170625338
2017-03-08,13.7502927251
2017-03-09,13.7942709645
2017-03-10,13.783191677800001
2017-03-13,13.839375981699998
2017-03-14,13.8227946192
2017-03-15,13.9528183247
2017-03-16,13.969026101299999
2017-03-17,14.0468070276
2017-03-20,14.251820347199999
2017-03-21,14.4520150401
2017-03-22,14.4340739534
2017-03-23,14.3353355271
2017-03-24,14.2793818625
2017-03-27,14.074584859399998
2017-03-28,14.0970619652
2017-03-29,14.1877272015
2017-03-30,14.224513222399999
2017-03-31,14.2608129179
2017-04-05,14.1237503841
2017-04-06,14.1894225076
2017-04-07,14.205908736399998
2017-04-10,14.1045785971
2017-04-11,14.005997584500001
2017-04-12,14.1600208467
2017-04-13,14.3621522312
2017-04-14,14.2595230912
2017-04-17,14.266419055699998
2017-04-18,14.467534242100001
2017-04-19,14.475667246999999
2017-04-20,14.7413277523
2017-04-21,14.3885124794
2017-04-24,14.3300022245
2017-04-25,14.8709348716
2017-04-26,14.855951941299999
2017-04-27,14.9211694456
2017-04-28,14.7134465029
2017-05-02,14.663635013
2017-05-03,14.789969512199999
2017-05-04,14.7338031077
2017-05-05,14.7359615258
2017-05-08,14.444005381899998
2017-05-09,14.524975990600002
2017-05-10,14.5773845326
2017-05-11,14.6828051946
2017-05-12,14.8108739783
2017-05-15,15.007122384399999
2017-05-16,15.282296435900001
2017-05-17,15.149807555599999
2017-05-18,15.231801698000002
2017-05-19,15.5628932399
2017-05-22,15.6324517095
2017-05-23,16.0609108213
2017-05-24,15.953905066999999
2017-05-25,16.0984226366
2017-05-26,16.1100116125
2017-05-31,15.8899475535
2017-06-01,16.070440329
2017-06-02,15.978713893999998
2017-06-05,15.8657350888
2017-06-06,15.968281253599999
2017-06-07,15.5655077319
2017-06-08,15.7326525955
2017-06-09,15.7826299388
2017-06-12,16.7320226344
2017-06-13,16.7163509673
2017-06-14,16.6800991945
2017-06-15,16.358433414
2017-06-16,16.304109693199997
2017-06-19,16.5438813152
2017-06-20,16.4362044608
2017-06-21,16.6391670427
2017-06-22,16.7805768041
2017-06-23,16.8823952152
2017-06-26,17.2959993966
2017-06-27,17.349763122200002
2017-06-28,17.0585742021
2017-06-29,17.0432361085
2017-06-30,16.9986118269
2017-07-03,16.6568071415
2017-07-04,16.3603605443
2017-07-05,16.6689797434
2017-07-06,16.558180255
2017-07-07,16.4557497318
2017-07-10,16.699293745
2017-07-11,17.010562458099997
2017-07-12,16.885572206699997
2017-07-13,16.8735918766
2017-07-14,16.9282329139
2017-07-17,15.896625412199999
2017-07-18,16.8109638708
2017-07-19,16.9886075367
2017-07-20,17.2624771694
2017-07-21,17.3862702803
2017-07-24,17.538027534999998
2017-07-25,17.5011408946
2017-07-26,17.3360526269
2017-07-27,17.4068289481
2017-07-28,17.7039319672
2017-07-31,17.6150740168
2017-08-01,17.6465259553
2017-08-02,17.7667314753
2017-08-03,17.5475392672
2017-08-04,17.4048184611
2017-08-07,17.6612165791
2017-08-08,17.672801526500002
2017-08-09,17.876249407899998
2017-08-10,17.8607939965
2017-08-11,17.553390489399998
2017-08-14,17.997065706
2017-08-15,17.963153499100002
2017-08-16,17.953271462700002
2017-08-17,17.8590454429
2017-08-18,17.8376334792
2017-08-21,18.084647626
2017-08-22,18.1036031093
2017-08-23,18.3240371348
2017-08-24,18.2834909804
2017-08-25,18.3782462761
2017-08-28,18.356566096199998
2017-08-29,18.2922396534
2017-08-30,18.3823204828
2017-08-31,18.282040557899997
2017-09-01,18.3856050183
2017-09-04,18.333945105799998
2017-09-05,18.3063692625
2017-09-06,18.1390943762
2017-09-07,18.0681517145
2017-09-08,17.8691530344
2017-09-11,17.9422506567
2017-09-12,18.141567734
2017-09-13,18.3167606731
2017-09-14,18.314347705099998
2017-09-15,18.336445678399997
2017-09-18,18.520436993
2017-09-19,18.522224157
2017-09-20,18.4819943753
2017-09-21,18.5575719095
2017-09-22,18.5586122029
2017-09-25,18.6905328334
2017-09-26,18.768289539399998
2017-09-27,18.7189151408
2017-09-28,18.9608947145
2017-09-29,18.9532596687
2017-10-09,19.287572420700002
2017-10-10,19.6302380596
2017-10-11,19.7929789545
2017-10-12,19.7861503183
2017-10-13,20.0957630701
2017-10-16,20.2475673298
2017-10-17,20.147413257
2017-10-18,20.2929958894
2017-10-19,20.8757099743
2017-10-20,20.6276108516
2017-10-23,20.5767111961
2017-10-24,20.4820655388
2017-10-25,20.4693925325
2017-10-26,21.509218761299998
2017-10-27,22.841185096399997
2017-10-30,22.1372123962
2017-10-31,21.9643304266
2017-11-01,22.0992614133
2017-11-02,22.2230212491
2017-11-03,22.5080393365
2017-11-06,22.849987884499996
2017-11-07,22.627431360099997
2017-11-08,22.8472419967
2017-11-09,22.8545691395
2017-11-10,23.605411382899998
2017-11-13,23.9117987402
2017-11-14,23.7291037353
2017-11-15,23.9634800888
2017-11-16,24.8292679728
2017-11-17,24.192992306900003
2017-11-20,23.9798352746
2017-11-21,24.0381716056
2017-11-22,23.420856647100003
2017-11-23,22.8198302227
2017-11-24,22.732128946899998
2017-11-27,22.4451567465
2017-11-28,23.0780399676
2017-11-29,22.9478682743
2017-11-30,22.6099249417
2017-12-01,22.3211857922
2017-12-04,22.7537366246
2017-12-05,22.718823139499996
2017-12-06,22.419014627400003
2017-12-07,22.0917771923
2017-12-08,22.3945646461
2017-12-11,23.077175726
2017-12-12,23.007093669199996
2017-12-13,23.5089331636
2017-12-14,23.409709555299997
2017-12-15,23.0155825646
2017-12-18,23.342786665600002
2017-12-19,23.488539431099998
2017-12-20,23.950268204900002
2017-12-21,23.929070681300004
2017-12-22,23.937980878599998
2017-12-25,24.088432838000003
2017-12-26,23.9271897076
2017-12-27,23.3988726293
2017-12-28,24.8782602375
2017-12-29,24.332445917199998
2018-01-02,24.6357069525
2018-01-03,25.0129085749
2018-01-04,25.601304145300002
2018-01-05,25.7466992511
2018-01-08,26.154478500299998
2018-01-09,26.9942658129
2018-01-10,27.139619262000004
2018-01-11,26.848746910200003
2018-01-12,27.2826010915
2018-01-15,27.281325717799998
2018-01-16,27.040226027499997
2018-01-17,26.3445114974
2018-01-18,26.482142425400003
2018-01-19,26.4859918123
2018-01-22,27.170436049
2018-01-23,27.325492342300002
2018-01-24,27.072235785500002
2018-01-25,27.1519708581
2018-01-26,27.3814590578
2018-01-29,26.1689999759
2018-01-30,26.177685653
2018-01-31,26.931835040399996
2018-02-01,26.809105005000003
2018-02-02,26.3799239015
2018-02-05,25.8276709156
2018-02-06,25.4725016548
2018-02-07,24.4758442029
2018-02-08,24.798750122799998
2018-02-09,24.1556778482
2018-02-12,24.4933881189
2018-02-13,24.9985488914
2018-02-14,25.2405348207
2018-02-22,25.9573065527
2018-02-23,26.0394947321
2018-02-26,26.050729125799997
2018-02-27,25.780743062699997
2018-02-28,25.3715533054
2018-03-01,25.8064123073
2018-03-02,25.6124775521
2018-03-05,25.1754714378
2018-03-06,25.173657522299997
2018-03-07,24.9593056639
2018-03-08,25.3514337583
2018-03-09,25.5009542595
2018-03-12,25.331028589800002
2018-03-13,24.941192033100002
2018-03-14,25.3792895151
2018-03-15,25.9211217967
2018-03-16,25.698365625100003
2018-03-19,26.0628333425
2018-03-20,25.931204512099995
2018-03-21,25.804819071400004
2018-03-22,25.335399183
2018-03-23,24.8157368234
2018-03-26,24.7346422746
2018-03-27,24.7747247156
2018-03-28,23.8609775722
2018-03-29,24.2212333641
2018-03-30,24.0058547792
2018-04-02,23.900088011500003
2018-04-03,23.8131492107
2018-04-04,24.2093627314
2018-04-09,24.312275561299998
2018-04-10,24.7401576981
2018-04-11,24.706210114599997
2018-04-12,24.320075023
2018-04-13,24.054171103999998
2018-04-16,23.7204279464
2018-04-17,23.2657472327
2018-04-18,23.036280935
2018-04-19,23.7294791889
2018-04-20,23.4497359423
2018-04-23,23.574079226800002
2018-04-24,24.1101496972
2018-04-25,24.0875772769
2018-04-26,23.6741565159
2018-04-27,23.3005298699
2018-05-02,23.4188415547
2018-05-03,23.486580463
2018-05-04,23.2282756792
2018-05-07,24.233377479
2018-05-08,24.6307139046
2018-05-09,24.4242124777
2018-05-10,24.7598515985
2018-05-11,24.880643443799997
2018-05-14,25.601964801999998
2018-05-15,25.6082578175
2018-05-16,25.2989947767
2018-05-17,25.067788144799998
2018-05-18,25.480957202600003
2018-05-21,25.3403356239
2018-05-22,25.4178469433
2018-05-23,24.9411159814
2018-05-24,24.6676345447
2018-05-25,24.7068573764
2018-05-28,25.3222117534
2018-05-29,25.058442725499997
2018-05-30,24.7826809924
2018-05-31,25.575657969999998
2018-06-01,25.405085794399998
2018-06-04,26.525332975399998
2018-06-05,26.7004652231
2018-06-06,26.5968705306
2018-06-07,26.495078409599998
2018-06-08,26.3195740667
2018-06-11,26.3184376701
2018-06-12,27.0037768961
2018-06-13,26.760344024200002
2018-06-14,26.637877505
2018-06-15,26.647571779099998
2018-06-19,25.604393027599997
2018-06-20,26.26677289
2018-06-21,26.195594789300003
2018-06-22,26.3880686332
2018-06-25,26.208263087200002
2018-06-26,25.7797056352
2018-06-27,24.7777811469
2018-06-28,24.4004021243
2018-06-29,25.0556874435
2018-07-02,24.3031340372
2018-07-03,23.8569408836
2018-07-04,23.730349736199997
2018-07-05,24.0861964152
2018-07-06,24.454227127499998
2018-07-09,24.961469288200004
2018-07-10,24.928566374199995
2018-07-11,24.6869337687
2018-07-12,25.244481953
2018-07-13,25.512830596100002
2018-07-16,25.656482986200004
2018-07-17,25.275048106800003
2018-07-18,25.116639259399996
2018-07-19,25.280653696099996
2018-07-20,25.4669494503
2018-07-23,25.3029412979
2018-07-24,25.696133397999997
2018-07-25,25.6727907925
2018-07-26,25.4162388107
2018-07-27,25.4801354287
2018-07-30,25.019144973
2018-07-31,25.211630363399998
2018-08-01,24.7844450694
2018-08-02,24.1410234518
2018-08-03,23.680777179299998
2018-08-06,23.422506319300002
2018-08-07,24.031591121
2018-08-08,23.6983978222
2018-08-09,24.2332307372
2018-08-10,24.0965611521
2018-08-13,23.814460429999997
2018-08-14,23.788773032099996
2018-08-15,23.213939629
2018-08-16,22.8414593958
2018-08-17,22.4329124131
2018-08-20,22.814808968
2018-08-21,23.5901609297
2018-08-22,23.467806148999998
2018-08-23,23.5424651134
2018-08-24,23.300425719699998
2018-08-27,24.173360994
2018-08-28,24.007487575600003
2018-08-29,24.1208210179
2018-08-30,23.8927429984
2018-08-31,23.3322001429
2018-09-03,23.478156922500002
2018-09-04,23.812715202299998
2018-09-05,23.1928789689
2018-09-06,22.7748375121
2018-09-07,23.0293256204
2018-09-10,22.8396003377
2018-09-11,22.8105266776
2018-09-12,22.351034913600003
2018-09-13,22.4551532193
2018-09-14,22.771166435199998
2018-09-17,22.7896546211
2018-09-18,23.4674718768
2018-09-19,23.9430540072
2018-09-20,23.8663086491
2018-09-21,24.7000922237
2018-09-25,24.5076831962
2018-09-26,25.3568056467
2018-09-27,25.3293981096
2018-09-28,25.5204983629
2018-10-08,24.047642038299998
2018-10-09,24.274751880399997
2018-10-10,23.629694036799997
2018-10-11,22.7190359186
2018-10-12,23.4642962952
2018-10-15,23.377085085799997
2018-10-16,23.3997151099
2018-10-17,23.393233694499997
2018-10-18,22.6938409915
2018-10-19,23.5396564408
2018-10-22,24.338762685
2018-10-23,22.7720501704
2018-10-24,22.6960669813
2018-10-25,22.2637367038
2018-10-26,22.040502609
2018-10-29,20.156666288300002
2018-10-30,19.5469965745
2018-10-31,20.307313208
2018-11-01,20.6999996857
2018-11-02,21.848777506299996
2018-11-05,21.1213384697
2018-11-06,20.8239403922
2018-11-07,20.7921688162
2018-11-08,20.94276866
2018-11-09,20.551144984900002
2018-11-12,20.2928722171
2018-11-13,20.7929070959
2018-11-14,20.3329578649
2018-11-15,20.503468044500003
2018-11-16,20.5325890836
2018-11-19,20.8755623921
2018-11-20,20.5861700832
2018-11-21,20.6881392931
2018-11-22,20.6458905739
2018-11-23,20.3455501862
2018-11-26,20.251703000099997
2018-11-27,20.1038630149
2018-11-28,20.415767169200002
2018-11-29,20.2251851293
2018-11-30,20.6339267181
2018-12-03,21.7533167673
2018-12-04,21.774499592399998
2018-12-05,21.9706698667
2018-12-06,21.3886566263
2018-12-07,21.2513309571
2018-12-10,20.9510493081
2018-12-11,21.154395840400003
2018-12-12,21.344218958200003
2018-12-13,21.766091847
2018-12-14,21.455957685999998
2018-12-17,21.395089318799997
2018-12-18,21.3332719564
2018-12-19,20.8787530827
2018-12-20,20.700599506699998
2018-12-21,20.4354891663
2018-12-24,20.4414972871
2018-12-25,20.367511725499998
2018-12-26,20.175573237100004
2018-12-27,20.2365374106
2018-12-28,21.0365859602
2019-01-02,21.2054235418
2019-01-03,20.9946787145
2019-01-04,21.4093038107
2019-01-07,21.517932624300002
2019-01-08,21.4876737568
2019-01-09,21.8556004939
2019-01-10,21.9119262656
2019-01-11,22.454477
2019-01-14,22.108218802099998
2019-01-15,23.1418606239
2019-01-16,23.1961988802
2019-01-17,23.0953888799
2019-01-18,23.873401142299997
2019-01-21,23.9916376538
2019-01-22,23.4996626168
2019-01-23,23.3752918362
2019-01-24,23.6254704029
2019-01-25,23.9058040962
2019-01-28,23.8374463752
2019-01-29,24.118124035
2019-01-30,23.8544202481
2019-01-31,24.332259809700002
2019-02-01,24.4273360931
2019-02-11,25.3311979504
2019-02-12,25.1110173558
2019-02-13,25.6779051703
2019-02-14,25.708295558800003
2019-02-15,25.2570978735
2019-02-18,25.7800142337
2019-02-19,25.5187283949
2019-02-20,25.324210992799998
2019-02-21,25.2297481979
2019-02-22,25.4476149074
2019-02-25,26.1668478272
2019-02-26,25.6384198556
2019-02-27,26.0501011925
2019-02-28,26.43968895
2019-03-01,27.5104408472
2019-03-04,27.3401911053
2019-03-05,27.274294982999997
2019-03-06,26.9572814443
2019-03-07,26.295687418099998
2019-03-08,25.8403818563
2019-03-11,26.4149859954
2019-03-12,26.075433202099997
2019-03-13,26.3313986099
2019-03-14,27.0120597124
2019-03-15,27.0334880662
2019-03-18,28.089621573
2019-03-19,27.5767572014
2019-03-20,27.6057206327
2019-03-21,27.385333604699998
2019-03-22,27.6332650833
2019-03-25,26.9553973807
2019-03-26,26.896812713499997
2019-03-27,27.4100921452
2019-03-28,27.915449394699998
2019-03-29,29.422100615399998
2019-04-01,29.658509464700003
2019-04-02,29.437067619
2019-04-03,29.346191629799996
2019-04-04,29.957511851299998
2019-04-08,30.930269609
2019-04-09,31.0677076473
2019-04-10,32.2123353736
2019-04-11,31.5284537139
2019-04-12,31.1830135963
2019-04-15,30.9727601012
2019-04-16,32.0389569169
2019-04-17,32.3287254468
2019-04-18,32.1077671243
2019-04-19,32.3865146792
2019-04-22,32.113247612100004
2019-04-23,32.8471512104
2019-04-24,32.7576897508
2019-04-25,32.2043053855
2019-04-26,31.8825259554
2019-04-29,32.7286763324
2019-04-30,32.709958000200004
2019-05-06,30.668298690199997
2019-05-07,30.2415304783
2019-05-08,29.9884749032
2019-05-09,29.1951973385
2019-05-10,30.689410478000003
2019-05-13,30.1943554214
2019-05-14,30.000992099599998
2019-05-15,31.228664283900002
2019-05-16,31.329579988300004
2019-05-17,30.6162547116
2019-05-20,30.0122728085
2019-05-21,30.338719277099997
2019-05-22,30.1340331149
2019-05-23,29.3435704551
2019-05-24,29.850856710499997
2019-05-27,29.8957491652
2019-05-28,30.2497657662
2019-05-29,30.8721971376
2019-05-30,30.7113014543
2019-05-31,30.2626502395
2019-06-03,30.3344601474
2019-06-04,29.8370871507
2019-06-05,29.763390228499997
2019-06-06,29.489865710300002
2019-06-10,29.8568875854
2019-06-11,31.0424408154
2019-06-12,30.8929923607
2019-06-13,30.9577018565
2019-06-14,31.0433803906
2019-06-17,31.0256908862
2019-06-18,31.208639708
2019-06-19,31.698742521400003
2019-06-20,33.0588068541
2019-06-21,33.0239113768
2019-06-24,33.3397567653
2019-06-25,33.0680182282
2019-06-26,32.9373060946
2019-06-27,33.4661869387
2019-06-28,33.4893443926
2019-07-01,34.9439275389
2019-07-02,34.736580818600004
2019-07-03,33.6904098155
2019-07-04,33.5108703374
2019-07-05,34.058882673599996
2019-07-08,33.5229193525
2019-07-09,33.2367654547
2019-07-10,33.4026107911
2019-07-11,33.447705864
2019-07-12,33.6270943989
2019-07-15,33.3449680456
2019-07-16,33.122281416199996
2019-07-17,32.988363318
2019-07-18,32.551513292500005
2019-07-19,32.9083374234
2019-07-22,32.9562369929
2019-07-23,32.8237720012
2019-07-24,32.634720634299995
2019-07-25,33.1728247652
2019-07-26,33.2329845182
2019-07-29,33.5268876657
2019-07-30,33.600483164399996
2019-07-31,33.3637156551
2019-08-01,32.9401533675
2019-08-02,32.7363815346
2019-08-05,32.267988529099995
2019-08-06,32.332048269
2019-08-07,32.2758766173
2019-08-08,33.1338886866
2019-08-09,32.8144036617
2019-08-12,34.456923836499996
2019-08-13,34.3658589962
2019-08-14,35.0742585071
2019-08-15,35.1363236005
2019-08-16,35.4346374035
2019-08-19,35.5449960454
2019-08-20,35.933880506799994
2019-08-21,35.836779879299996
2019-08-22,36.8857520105
2019-08-23,37.6851176072
2019-08-26,36.7903037288
2019-08-27,36.9670520764
2019-08-28,36.689372328699996
2019-08-29,36.974662061
2019-08-30,37.7910392628
2019-09-02,37.7116658917
2019-09-03,37.7379996623
2019-09-04,37.433187814
2019-09-05,38.012915126
2019-09-06,38.020497329099996
2019-09-09,37.835815937599996
2019-09-10,37.46297641699999
2019-09-11,35.9299662292
2019-09-12,36.8221065204
2019-09-16,36.786134423600004
2019-09-17,36.573229421
2019-09-18,38.117788042499996
2019-09-19,37.9803022491
2019-09-20,38.336967162
2019-09-23,38.0209415091
2019-09-24,39.0168954985
2019-09-25,38.7243994981
2019-09-26,38.6020503251
2019-09-27,38.7926886772
2019-09-30,38.0580483854
2019-10-08,38.576138342600004
2019-10-09,38.05559208139999
2019-10-10,38.261985930799995
2019-10-11,38.9269124133
2019-10-14,39.1361819494
2019-10-15,39.959301641399996
2019-10-16,38.8303785228
2019-10-17,39.23209703789999
2019-10-18,38.9223780439
2019-10-21,38.732864210799995
2019-10-22,38.78828879249999
2019-10-23,38.4231350096
2019-10-24,38.21992787959999
2019-10-25,38.8163896201
2019-10-28,38.999316856600004
2019-10-29,39.3816205717
2019-10-30,39.067345302
2019-10-31,38.972566117
2019-11-01,39.2161333526
2019-11-04,39.6783195654
2019-11-05,39.7069328323
2019-11-06,39.5660846688
2019-11-07,39.78288511939999
2019-11-08,39.8557008803
2019-11-11,39.61829158489999
2019-11-12,39.683547883799996
2019-11-13,40.281906496299996
2019-11-14,40.428811923699996
2019-11-15,40.2942134459
2019-11-18,40.4244233877
2019-11-19,40.5866817187
2019-11-20,40.55196834910001
2019-11-21,40.473769931599996
2019-11-22,39.4223425348
2019-11-25,39.2127229251
2019-11-26,39.248175955
2019-11-27,39.4008034673
2019-11-28,38.992470423
2019-11-29,37.6299653996
2019-12-02,37.7479003066
2019-12-03,37.3500779229
2019-12-04,37.443471191499995
2019-12-05,37.65824119129999
2019-12-06,38.7920292805
2019-12-09,38.4924159892
2019-12-10,38.6196826856
2019-12-11,38.5059637172
2019-12-12,37.903300512499996
2019-12-13,38.7454982048
2019-12-16,38.376304367399996
2019-12-17,39.0615341317
2019-12-18,39.0216701265
2019-12-19,38.740352331500006
2019-12-20,38.4296774455
2019-12-23,38.462388039900006
2019-12-24,38.4475600078
2019-12-25,38.0186267986
2019-12-26,38.1238543085
2019-12-27,38.883706195100004
2019-12-30,39.564997807199994
2019-12-31,39.4910876922
2020-01-02,38.1383883809
2020-01-03,36.725039536699995
2020-01-06,36.6538254314
2020-01-07,37.1228666095
2020-01-08,36.86523323
2020-01-09,37.3372399356
2020-01-10,37.584586057799996
2020-01-13,37.927778362299996
2020-01-14,37.435590088999994
2020-01-15,37.4589832072
2020-01-16,37.296422037
2020-01-17,37.294682879499994
2020-01-20,36.852092814100004
2020-01-21,36.323488057
2020-01-22,36.3539675302
2020-01-23,35.545214756899995
2020-02-03,33.8493476844
2020-02-04,34.907035836
2020-02-05,35.2437941165
2020-02-06,35.890593328499996
2020-02-07,36.0090661428
2020-02-10,35.7513123318
2020-02-11,36.6913691817
2020-02-12,36.674179608900005
2020-02-13,36.5000393219
2020-02-14,36.4821245925
2020-02-17,36.696760808899995
2020-02-18,36.3421752751
2020-02-19,36.674580514
2020-02-20,37.3356805017
2020-02-21,37.1377903717
2020-02-24,36.3496457708
2020-02-25,35.9613827342
2020-02-26,35.9805387089
2020-02-27,36.380180169300004
2020-02-28,35.4081432599
2020-03-02,36.3648582266
2020-03-03,37.125685893
2020-03-04,37.6348629799
2020-03-05,38.9521627579
2020-03-06,38.382389040599996
2020-03-09,37.0852333719
2020-03-10,38.3248498146
2020-03-11,38.346790390399995
2020-03-12,37.7298577547
2020-03-13,36.876764730699996
2020-03-16,35.426618378
2020-03-17,34.8011512884
2020-03-18,33.5930802106
2020-03-19,33.0572615943
2020-03-20,34.3357045986
2020-03-23,33.7394893782
2020-03-24,34.9332113747
2020-03-25,35.7651702948
2020-03-26,35.3268362039
2020-03-27,35.647032192599994
2020-03-30,35.5273219889
2020-03-31,36.5838224559
2020-04-01,36.3667059398
2020-04-02,37.592164698999994
2020-04-03,37.4197678585
2020-04-07,38.0435737493
2020-04-08,38.007644129899994
2020-04-09,37.9666884773
2020-04-10,38.1333904269
2020-04-13,38.0476247801
2020-04-14,38.7755628735
2020-04-15,38.8407160884
2020-04-16,39.023286479999996
2020-04-17,39.9031107773
2020-04-20,39.928171688
2020-04-21,39.1161391146
2020-04-22,40.37749433479999
2020-04-23,40.588168514399996
2020-04-24,40.5180498179
2020-04-27,41.3278876679
2020-04-28,41.4520523984
2020-04-29,41.45894263620001
2020-04-30,41.2105034881
2020-05-06,42.0949699251
2020-05-07,42.3881813366
2020-05-08,42.520841673999996
2020-05-11,42.7647409319
2020-05-12,42.994743433800004
2020-05-13,43.073220391199996
2020-05-14,42.7364713339
2020-05-15,42.3465567827
2020-05-18,43.298237920999995
2020-05-19,43.33049518439999
2020-05-20,43.4747776683
2020-05-21,43.89452340849999
2020-05-22,42.7049897455
2020-05-25,43.659881461599994
2020-05-26,43.564890527699994
2020-05-27,43.007796805
2020-05-28,43.2731686345
2020-05-29,43.846956471800006
2020-06-01,45.463000853299995
2020-06-02,45.281524134799994
2020-06-03,44.9676875266
2020-06-04,45.180717944099996
2020-06-05,45.6510965572
2020-06-08,45.1728759727
2020-06-09,45.45848357989999
2020-06-10,45.6206666575
2020-06-11,44.8708012294
2020-06-12,45.306196037
2020-06-15,44.2708424863
2020-06-16,44.938980521299996
2020-06-17,44.9836832819
2020-06-18,45.2114779343
2020-06-19,45.964381731799996
2020-06-22,45.901479149400004
2020-06-23,46.893939212499994
2020-06-24,47.0580275775
2020-06-29,47.095733327699996
2020-06-30,47.10304476099999
2020-07-01,48.1842095836
2020-07-02,49.6517116153
2020-07-03,49.728415783299994
2020-07-06,51.8415114585
2020-07-07,54.35436767350001
2020-07-08,54.1247394383
2020-07-09,54.7824532831
2020-07-10,54.7898495342
2020-07-13,56.743184576699996
2020-07-14,56.1131541838
2020-07-15,55.7638206389
2020-07-16,51.7286521928
2020-07-17,52.7209994002
2020-07-20,52.578188174199994
2020-07-21,53.4042750352
2020-07-22,53.6522341386
2020-07-23,53.50008740959999
2020-07-24,51.0703961252
2020-07-27,51.8131130993
2020-07-28,53.200518073599994
2020-07-29,53.3141451339
2020-07-30,53.4710416636
2020-07-31,53.436425088300005
2020-08-03,53.1876965874
2020-08-04,53.407473052899995
2020-08-05,53.2859286814
2020-08-06,52.4900264525
2020-08-07,52.2353558123
2020-08-10,52.391226309699995
2020-08-11,52.6744092805
2020-08-12,52.29233762770001
2020-08-13,52.4866574614
2020-08-14,53.2938323884
2020-08-17,54.245584280799996
2020-08-18,54.623720886
2020-08-19,54.0704504326
2020-08-20,53.3661870093
2020-08-21,53.72516119749999
2020-08-24,54.2614248032
2020-08-25,55.1161360743
2020-08-26,55.0853035571
2020-08-27,55.1638547298
2020-08-28,56.0730840484
2020-08-31,56.8451503231
2020-09-01,57.2687823489
2020-09-02,57.0654613578
2020-09-03,57.0198962519
2020-09-04,56.359611857900006
2020-09-07,55.054197761699996
2020-09-08,54.776402103100004
2020-09-09,54.09868559990001
2020-09-10,54.6277986079
2020-09-11,55.3533182056
2020-09-14,56.309340736500005
2020-09-15,56.1732440542
2020-09-16,55.2147820129
2020-09-17,53.6362123303
2020-09-18,54.4979797645
2020-09-21,53.637463282999995
2020-09-22,53.5178960971
2020-09-23,53.0279431281
2020-09-24,52.343251192
2020-09-25,52.46765061199999
2020-09-28,53.2517841312
2020-09-29,52.9222223353
2020-09-30,53.350650954900004
2020-10-09,54.1459555357
2020-10-12,55.8412526019
2020-10-13,55.5143871099
2020-10-14,55.231318992300004
2020-10-15,55.186077683700006
2020-10-16,54.893454669600004
2020-10-19,54.5369339341
2020-10-20,55.5073748982
2020-10-21,55.580734243799995
2020-10-22,55.879840491900005
2020-10-23,55.1042234678
2020-10-26,53.0216192673
2020-10-27,52.4781988532
2020-10-28,53.555843476
2020-10-29,53.88808256739999
2020-10-30,53.6873281497
2020-11-02,53.8881182371
2020-11-03,54.58625932
2020-11-04,54.86070636339999
2020-11-05,55.56564944750001
2020-11-06,54.9524412331
2020-11-09,56.212001266
2020-11-10,56.31421638529999
2020-11-11,56.0156644277
2020-11-12,56.0458603186
2020-11-13,55.070918847
2020-11-16,55.8207289797
2020-11-17,55.4920248487
2020-11-18,54.9820628157
2020-11-19,55.7511958556
2020-11-20,55.76219334449999
2020-11-23,57.799648679
2020-11-24,56.987034973899995
2020-11-25,55.8970386579
2020-11-26,56.2105881797
2020-11-27,56.413725641999996
2020-11-30,55.539781547500006
2020-12-01,56.3814150012
2020-12-02,56.475417444899996
2020-12-03,56.7398461269
2020-12-04,57.878110814699994
2020-12-07,58.257948174999996
2020-12-08,59.3051071399
2020-12-09,59.005189894500006
2020-12-10,58.8067333772
2020-12-11,58.3031678373
2020-12-14,58.685848318699996
2020-12-15,58.2818329763
2020-12-16,58.9473813429
2020-12-17,59.6980852066
2020-12-18,59.031439760999994
2020-12-21,58.91541118789999
2020-12-22,59.8774856288
2020-12-23,58.784540799400006
2020-12-24,58.4802129124
2020-12-25,58.5153437165
2020-12-28,59.7583239575
2020-12-29,59.565001808800005
2020-12-30,61.4501230732
2020-12-31,63.386907494099994
2021-01-04,63.247016776699994
2021-01-05,64.9347659786
2021-01-06,66.300882229
2021-01-07,67.5909306577
2021-01-08,66.27152311
2021-01-11,66.6806412311
2021-01-12,68.52737600869999
2021-01-13,68.6319226076
2021-01-14,67.7629580677
2021-01-15,66.4399896607
2021-01-18,66.0039351068
2021-01-19,64.4926862258
2021-01-20,65.33800875749999
2021-01-21,66.2261423679
2021-01-22,66.3625713221
2021-01-25,69.0975760863
2021-01-26,68.13180139869999
2021-01-27,66.6749005461
2021-01-28,66.6001951181
2021-01-29,67.30073181479999
2021-02-01,67.21353953159999
2021-02-02,68.20009544300001
2021-02-03,69.5448519163
2021-02-04,73.28806565410001
2021-02-05,73.2082197755
2021-02-08,74.8525568213
2021-02-09,77.31920692429999
2021-02-10,81.38261828899999
2021-02-18,77.87060773510001
2021-02-19,77.53991229089999
2021-02-22,72.6107112922
2021-02-23,73.27040553270001
2021-02-24,69.7361854877
2021-02-25,68.8525430599
2021-02-26,67.789693012
2021-03-01,68.7669135408
2021-03-02,65.8515346209
2021-03-03,68.5006186879
2021-03-04,65.4128704956
2021-03-05,66.0303678811
2021-03-08,63.0702420689
2021-03-09,62.3136499707
2021-03-10,63.2691616729
2021-03-11,65.7572345872
2021-03-12,65.3232809943
2021-03-15,63.869839208900004
2021-03-16,65.0089648887
2021-03-17,65.4432285167
2021-03-18,66.63372296109999
2021-03-19,64.66908487570001
2021-03-22,64.32055295100001
2021-03-23,64.4291788575
2021-03-24,64.0625982119
2021-03-25,63.45747481789999
2021-03-26,64.7005969577
2021-03-29,65.2871994559
2021-03-30,65.98737942849999
2021-03-31,64.55151220169999
2021-04-01,65.563554646
2021-04-02,68.8536729398
2021-04-06,67.8040676351
2021-04-07,65.9514750793
2021-04-08,66.182233718
2021-04-09,64.7343142156
2021-04-12,64.43398983
2021-04-13,64.73163041309999
2021-04-14,65.4264825242
2021-04-15,64.4877968568
2021-04-16,65.6549951409
2021-04-19,66.7588996563
2021-04-20,66.96668138449999
2021-04-21,66.5921476835
2021-04-22,65.8864541884
2021-04-23,67.42691942580001
2021-04-26,66.4157750717
2021-04-27,66.8863070144
2021-04-28,65.3771219794
2021-04-29,65.0686470839
2021-04-30,64.47087241290001
2021-05-06,63.2035608867
2021-05-07,61.659919471399995
2021-05-10,60.9486527861
2021-05-11,63.2033353773
2021-05-12,63.87256391099999
2021-05-13,63.443029388499994
2021-05-14,64.6776835637
2021-05-17,66.09836761439999
2021-05-18,66.17836564859999
2021-05-19,65.7462687432
2021-05-20,66.0691785395
2021-05-21,65.4803698126
2021-05-24,66.2747744599
2021-05-25,70.0950618158
2021-05-26,70.8928189146
2021-05-27,71.561948814
2021-05-28,71.181528221
2021-05-31,70.8102558521
2021-06-01,71.395907574
2021-06-02,70.8733506384
2021-06-03,70.7766852845
2021-06-04,71.69318907499999
2021-06-07,72.1720549362
2021-06-08,69.89785766870001
2021-06-09,70.143666797
2021-06-10,71.22257600629999
2021-06-11,69.5313667201
2021-06-15,69.7645595828
2021-06-16,68.8456340825
2021-06-17,68.7593743474
2021-06-18,66.81507541799999
2021-06-21,66.4494048042
2021-06-22,66.4190434581
2021-06-23,65.3523946931
2021-06-24,66.2252085052
2021-06-25,67.5980516631
2021-06-28,67.7702969239
2021-06-29,66.4832886188
2021-06-30,66.3736756514
2021-07-01,67.9628193248
2021-07-02,65.0230577488
2021-07-05,64.4459607315
2021-07-06,65.06984928829999
2021-07-07,64.7928539855
2021-07-08,63.9924981068
2021-07-09,63.5907237949
2021-07-12,63.2817419445
2021-07-13,63.987923527
2021-07-14,63.2701917115
2021-07-15,64.5160895217
2021-07-16,63.3052299312
2021-07-19,63.816562724600004
2021-07-20,63.8479230247
2021-07-21,63.4881128287
2021-07-22,62.7382768178
2021-07-23,61.570201029900005
2021-07-26,58.541458274
2021-07-27,55.708669428600004
2021-07-28,57.4440255122
2021-07-29,56.929498884199994
2021-07-30,54.8347036114
2021-08-02,57.0911488097
2021-08-03,56.908126275899996
2021-08-04,56.140738258
2021-08-05,55.4249843483
2021-08-06,54.6944305031
2021-08-09,55.5509556233
2021-08-10,58.653926574299994
2021-08-11,57.3879143149
2021-08-12,55.6343782803
2021-08-13,55.9595313856
2021-08-16,55.9391551261
2021-08-17,53.9869338368
2021-08-18,53.884142370199996
2021-08-19,53.7437010287
2021-08-20,51.6150075973
2021-08-23,52.327144243999996
2021-08-24,53.9285668142
2021-08-25,54.984279109
2021-08-26,52.824629855299996
2021-08-27,52.9301796448
2021-08-30,52.4273632063
2021-08-31,51.729846236700006
2021-09-01,53.7934375407
2021-09-02,53.80164404999999
2021-09-03,54.941230284099994
2021-09-06,55.225342865799995
2021-09-07,55.351095124800004
2021-09-08,54.2833481419
2021-09-09,54.3347846291
2021-09-10,55.312443938
2021-09-13,55.1187044687
2021-09-14,54.9398206054
2021-09-15,53.6610467754
2021-09-16,54.2095279383
2021-09-17,55.6293267412
2021-09-22,54.2010880645
2021-09-23,54.0870225523
2021-09-24,55.7060509633
2021-09-27,60.3155671477
2021-09-28,59.5623285788
2021-09-29,59.5759542566
2021-09-30,59.7743472479
2021-10-08,60.093526526299996
2021-10-11,61.06734316600001
2021-10-12,61.1583239134
2021-10-13,62.804160308499995
2021-10-14,62.1561667292
2021-10-15,62.4115794449
2021-10-18,58.933208239200006
2021-10-19,59.3814901512
2021-10-20,60.1317322266
2021-10-21,60.3627557042
2021-10-22,62.039903910499994
2021-10-25,61.237727342199996
2021-10-26,60.915664293700004
2021-10-27,59.634698668700004
2021-10-28,59.7505128028
2021-10-29,59.720538512
2021-11-01,59.07190777420001
2021-11-02,58.8990804345
2021-11-03,57.7531886756
2021-11-04,58.8645224766
2021-11-05,59.2530297419
2021-11-08,59.242589506899996
2021-11-09,58.3505939241
2021-11-10,57.309418967300005
2021-11-11,58.03350567889999
2021-11-12,58.0541083714
2021-11-15,57.738850063200005
2021-11-16,59.0163536353
2021-11-17,58.60995456959999
2021-11-18,58.4664138917
2021-11-19,59.6390594521
2021-11-22,60.2761431618
2021-11-23,61.4941668119
2021-11-24,62.7725038275
2021-11-25,63.1657450755
2021-11-26,62.60356425269999
2021-11-29,62.8870189774
2021-11-30,61.2929915735
2021-12-01,61.4270246002
2021-12-02,61.566678199799995
2021-12-03,62.694839415
2021-12-06,62.6186495931
2021-12-07,62.3335006983
2021-12-08,64.8306778032
2021-12-09,66.1940679484
2021-12-10,66.29931390729999
2021-12-13,67.9959055839
2021-12-14,68.80967375809999
2021-12-15,68.37928857979999
2021-12-16,67.9835257131
2021-12-17,65.98081276549999
2021-12-20,66.1915399557
2021-12-21,65.6528901815
2021-12-22,65.85426271899999
2021-12-23,67.9344059726
2021-12-24,70.0194862978
2021-12-27,68.1965296804
2021-12-28,68.4020026786
2021-12-29,65.4359673365
2021-12-30,66.4835705072
2021-12-31,65.8256754633
2022-01-04,65.8801795746
2022-01-05,65.1853719929
2022-01-06,63.8838553177
2022-01-07,62.872573831000004
2022-01-10,63.5983872433
2022-01-11,62.9362771637
2022-01-12,63.654456713200005
2022-01-13,61.0396399833
2022-01-14,60.5774626183
2022-01-17,60.486202994100005
2022-01-18,61.4649472798
2022-01-19,62.1120377175
2022-01-20,63.9154372165
2022-01-21,64.356245516
2022-01-24,63.3575116012
2022-01-25,62.9853447194
2022-01-26,63.3445144206
2022-01-27,63.5826523622
2022-01-28,61.1901933279
2022-02-07,60.9006577943
2022-02-08,60.1838729504
2022-02-09,61.7913854762
2022-02-10,61.1939014049
2022-02-11,60.6341482146
2022-02-14,60.9575478663
2022-02-15,61.4603344648
2022-02-16,61.603385435
2022-02-17,61.4664816729
2022-02-18,62.1380779219
2022-02-21,61.2468143873
2022-02-22,59.2059761118
2022-02-23,59.6931943864
2022-02-24,57.783768341999995
2022-02-25,58.758142093299995
2022-02-28,58.5164151301
2022-03-01,60.516145689599995
2022-03-02,60.0801763444
2022-03-03,58.8649584333
2022-03-04,58.182811674999996
2022-03-07,55.8968142415
2022-03-08,57.021988314
2022-03-09,57.6140407671
2022-03-10,58.0563615187
2022-03-11,57.2930984267
2022-03-14,55.0816692931
2022-03-15,51.902945441099995
2022-03-16,54.3367080187
2022-03-17,55.8266162925
2022-03-18,55.6573048212
2022-03-21,55.40058643569999
2022-03-22,55.26054114
2022-03-23,56.916130699099995
2022-03-24,55.9931167437
2022-03-25,55.042893657899995
2022-03-28,54.251837340399995
2022-03-29,54.4195193052
2022-03-30,56.3969219752
2022-03-31,56.146781199900005
2022-04-01,58.0029811537
2022-04-06,57.654865348
2022-04-07,57.597024533799996
2022-04-08,58.22675995749999
2022-04-11,56.231301720199994
2022-04-12,57.9716338219
2022-04-13,57.6220688579
2022-04-14,58.801512109099995
2022-04-15,58.819053334299994
2022-04-18,58.0318562658
2022-04-19,57.9468433038
2022-04-20,57.9866635151
2022-04-21,57.5041375102
2022-04-22,57.4510265664
2022-04-25,55.175213516300005
2022-04-26,55.847428419100005
2022-04-27,57.5685105552
2022-04-28,58.866373458599995
2022-04-29,58.7213260744
2022-05-05,58.92231466849999
2022-05-06,57.4700400276
2022-05-09,56.165644166999996
2022-05-10,56.6358721384
2022-05-11,56.6910740724
2022-05-12,56.4535499043
2022-05-13,57.028049306599996
2022-05-16,56.430902040599996
2022-05-17,56.8678222998
2022-05-18,56.6422801808
2022-05-19,56.50148505639999
2022-05-20,57.912104793699996
2022-05-23,57.2931454568
2022-05-24,56.6205095399
2022-05-25,56.5120194929
2022-05-26,56.1650563781
2022-05-27,56.5637737575
2022-05-30,57.204801558199996
2022-05-31,58.0051376738
2022-06-01,57.5634101016
2022-06-02,57.416492587899995
2022-06-06,57.470309410400006
2022-06-07,58.3412232288
2022-06-08,59.740586013699996
2022-06-09,59.4590821215
2022-06-10,60.825084827999994
2022-06-13,59.353263463999994
2022-06-14,59.8976402547
2022-06-15,60.1329776965
2022-06-16,60.102133907799995
2022-06-17,62.2208481065
2022-06-20,61.9397813895
2022-06-21,62.0981066973
2022-06-22,61.7150576817
2022-06-23,62.401368257399994
2022-06-24,63.8921333559
2022-06-27,64.024336704
2022-06-28,64.745204292
2022-06-29,64.6057017945
2022-06-30,65.8020806355
2022-07-01,65.3342486036
2022-07-04,64.98392874379999
2022-07-05,65.4094151851
2022-07-06,64.3710649741
2022-07-07,64.0025773136
2022-07-08,64.2781431294
2022-07-11,63.229083202999995
2022-07-12,62.7967811747
2022-07-13,62.9808791734
2022-07-14,62.65218499929999
2022-07-15,62.463916316500004
2022-07-18,62.648422400099996
2022-07-19,62.4056580013
2022-07-20,62.6156007949
2022-07-21,62.2234262786
2022-07-22,62.4755011801
2022-07-25,62.42932924910001
2022-07-26,62.662207497
2022-07-27,61.733766462599995
2022-07-28,61.083181689300005
2022-07-29,61.0143150488
2022-08-01,60.70288331930001
2022-08-02,60.315202256300005
2022-08-03,60.3486245855
2022-08-04,61.331021524600004
2022-08-05,61.644565696
2022-08-08,61.24858191370001
2022-08-09,61.176746607800006
2022-08-10,60.138433747499995
2022-08-11,61.161478512399995
2022-08-12,61.7901997277
2022-08-15,61.482463415299996
2022-08-16,61.440884097799994
2022-08-17,61.478996734800006
2022-08-18,60.765112455099995
2022-08-19,60.7868833024
2022-08-22,60.735638666
2022-08-23,59.9753651531
2022-08-24,59.473770770499996
2022-08-25,60.482728796399996
2022-08-26,60.849043671400004
2022-08-29,60.2454340169
2022-08-30,60.0535769796
2022-08-31,61.7881984562
2022-09-01,60.5045123366
2022-09-02,60.3086861366
2022-09-05,59.1785046312
2022-09-06,59.4509432439
2022-09-07,58.623848183
2022-09-08,58.5425973448
2022-09-09,59.5539592695
2022-09-13,60.611118287000004
2022-09-14,60.25518311260001
2022-09-15,60.7160000345
2022-09-16,59.95315588119999
2022-09-19,60.343522482100006
2022-09-20,60.4451066373
2022-09-21,59.577929877100004
2022-09-22,58.766671863199996
2022-09-23,59.183132266099996
2022-09-26,59.9213811095
2022-09-27,60.6414398753
2022-09-28,60.4524906317
2022-09-29,60.305173480700006
2022-09-30,60.1818191583
2022-10-10,57.5481227432
2022-10-11,57.3078211728
2022-10-12,56.695982677399996
2022-10-13,54.8395877436
2022-10-14,56.045281845
2022-10-17,55.4684548501
2022-10-18,55.068340869400004
2022-10-19,53.3211932679
2022-10-20,53.165508986800006
2022-10-21,52.5760336425
2022-10-24,48.8156561659
2022-10-25,48.2135739976
2022-10-26,46.6346381841
2022-10-27,45.8298195963
2022-10-28,44.5253872195
2022-10-31,44.1239648854
2022-11-01,47.5102027217
2022-11-02,47.8434912105
2022-11-03,46.8423953341
2022-11-04,49.1930431706
2022-11-07,48.9363676456
2022-11-08,48.29014290879999
2022-11-09,47.5866381086
2022-11-10,48.011452489999996
2022-11-11,49.8229953539
2022-11-14,50.1473318313
2022-11-15,51.7881265246
2022-11-16,51.6979509158
2022-11-17,51.08402811479999
2022-11-18,51.047602206600004
2022-11-21,49.6579992727
2022-11-22,50.3367194983
2022-11-23,50.5829498456
2022-11-24,49.762245006099995
2022-11-25,50.0030460092
2022-11-28,49.5251134853
2022-11-29,52.4388021032
2022-11-30,52.4445671492
2022-12-01,53.3841284868
2022-12-02,53.39826776540001
2022-12-05,54.524506147
2022-12-06,55.16658039239999
2022-12-07,54.947839714
2022-12-08,55.08281500449999
2022-12-09,56.480929614000004
2022-12-12,56.591117351
2022-12-13,56.9372824022
2022-12-14,57.5903204716
2022-12-15,57.977267759600004
2022-12-16,58.08933415
2022-12-19,57.582917987900004
2022-12-20,55.798376782999995
2022-12-21,56.52363465490001
2022-12-22,57.4003916391
2022-12-23,57.488061202000004
2022-12-26,56.582534271300005
2022-12-27,57.0468932537
2022-12-28,57.1129821508
2022-12-29,56.670072130099996
2022-12-30,56.9243925111
2023-01-03,57.0512769912
2023-01-04,57.041606474700004
2023-01-05,59.268197145100004
2023-01-06,59.3415726702
2023-01-09,60.4437830979
2023-01-10,60.7715457137
2023-01-11,60.5763053113
2023-01-12,60.249413776
2023-01-13,61.88443845
2023-01-16,62.7164087762
2023-01-17,62.572887061100005
2023-01-18,62.102630700599995
2023-01-19,61.745974428
2023-01-20,61.240340409999995
2023-01-30,62.106652702800005
2023-01-31,60.8027998045
2023-02-01,60.725738256
2023-02-02,60.424701762599994
2023-02-03,59.8072500036
2023-02-06,59.01251121879999
2023-02-07,59.108741446699995
2023-02-08,58.7294734097
2023-02-09,59.7336631388
2023-02-10,59.4687255288
2023-02-13,60.7853064794
2023-02-14,60.4511612286
2023-02-15,60.2764497873
2023-02-16,60.892120030099996
2023-02-17,59.610642742399996
2023-02-20,61.4301732171
2023-02-21,61.2449031857
2023-02-22,60.2666123078
2023-02-23,59.7439915871
2023-02-24,58.7819482435
2023-02-27,59.4010555488
2023-02-28,59.5257231703
2023-03-01,60.3712027465
2023-03-02,60.0598086687
2023-03-03,59.8014359113
2023-03-06,59.3518973901
2023-03-07,58.7523590844
2023-03-08,58.1813017362
2023-03-09,58.1243392562
2023-03-10,57.439351742499994
2023-03-13,57.844026285
2023-03-14,57.921908944900004
2023-03-15,57.5199672566
2023-03-16,57.5227567687
2023-03-17,57.240591404999996
2023-03-20,56.8125463974
2023-03-21,58.1307383085
2023-03-22,58.1293947651
2023-03-23,58.2373720168
2023-03-24,58.2439497982
2023-03-27,57.8501697922
2023-03-28,58.2785231878
2023-03-29,58.5097848229
2023-03-30,58.8662401678
2023-03-31,59.4301533497
2023-04-03,58.918717144599995
2023-04-04,59.3070955983
2023-04-06,58.7379523182
2023-04-07,58.6140279936
2023-04-10,58.067722595099994
2023-04-11,57.2842617337
2023-04-12,55.8383599238
2023-04-13,56.6746702118
2023-04-14,56.4356500957
2023-04-17,57.7114219134
2023-04-18,57.9010961219
2023-04-19,57.8767989291
2023-04-20,57.3340288172
2023-04-21,56.7771740135
2023-04-24,56.079410691899994
2023-04-25,56.879136939300004
2023-04-26,57.2388457848
2023-04-27,57.6013002036
2023-04-28,57.771747207699995
2023-05-04,57.58534689
2023-05-05,57.6488560082
2023-05-08,56.954253915399995
2023-05-09,56.9428404502
2023-05-10,56.9053196732
2023-05-11,56.6693769376
2023-05-12,56.3007569982
2023-05-15,56.6457034899
2023-05-16,56.2568618756
2023-05-17,56.1436403154
2023-05-18,55.86694648129999
2023-05-19,56.0356044928
2023-05-22,57.43972204
2023-05-23,56.712590817
2023-05-24,56.1832635177
2023-05-25,55.859963587399996
2023-05-26,55.5918943116
2023-05-29,55.5801117609
2023-05-30,54.96927636229999
2023-05-31,53.758624896499995
2023-06-01,53.9285475657
2023-06-02,55.051656876299994
2023-06-05,54.8975264016
2023-06-06,54.948542121100004
2023-06-07,54.5192749755
2023-06-08,55.1427795061
2023-06-09,55.0600613326
2023-06-12,55.8816954464
2023-06-13,55.9612774214
2023-06-14,56.7265818323
2023-06-15,57.5891504056
2023-06-16,58.8440142359
2023-06-19,57.213094013900005
2023-06-20,57.1299707028
2023-06-21,56.898927583399995
2023-06-26,56.038523738900004
2023-06-27,56.1746211957
2023-06-28,56.7198545448
2023-06-29,56.2299477606
2023-06-30,56.334007030399995
2023-07-03,57.436872285199996
2023-07-04,57.591033094800004
2023-07-05,57.0947567682
2023-07-06,56.6783456318
2023-07-07,56.2746691916
2023-07-10,56.60417834129999
2023-07-11,56.8986619083
2023-07-12,57.0423227329
2023-07-13,57.8544230496
2023-07-14,58.318978553099996
2023-07-17,57.608821386799995
2023-07-18,57.3721011397
2023-07-19,57.4051012825
2023-07-20,57.42492084999999
2023-07-21,58.8513625369
2023-07-24,58.804133629400006
2023-07-25,60.7429051461
2023-07-26,60.735907661400006
2023-07-27,61.0379212304
2023-07-28,62.9839562719
2023-07-31,62.5304249503
2023-08-01,62.742485376
2023-08-02,62.356069133400005
2023-08-03,62.391175810700005
2023-08-04,62.858102445600004
2023-08-07,62.6417000987
2023-08-08,62.6725453867
2023-08-09,62.675238397799994
2023-08-10,62.24418577790001
2023-08-11,60.8868789741
2023-08-14,59.8958979089
2023-08-15,60.2090366087
2023-08-16,60.37689741
2023-08-17,60.6089609222
2023-08-18,59.8426328905
2023-08-21,59.3978460304
2023-08-22,59.3701054147
2023-08-23,58.8924055201
2023-08-24,60.1353366054
2023-08-25,60.4842007533
2023-08-28,60.8907997642
2023-08-29,61.3350279198
2023-08-30,61.4257885733
2023-08-31,61.112205777199996
2023-09-01,61.32335948389999
2023-09-04,61.9105386609
2023-09-05,61.648583437899994
2023-09-06,61.737895955599996
2023-09-07,61.0243387973
2023-09-08,60.430091991699996
2023-09-11,60.5194281001
2023-09-12,60.4517139797
2023-09-13,60.4514578313
2023-09-14,60.476140202799996
2023-09-15,59.34189808
2023-09-18,60.7327888894
2023-09-19,60.6883118367
2023-09-20,60.5842341833
2023-09-21,59.7664297111
2023-09-22,61.3777057861
2023-09-25,60.840494093
2023-09-26,60.3149406911
2023-09-27,60.2387124251
2023-09-28,59.7941920783
2023-10-09,59.11840728840001
2023-10-10,58.899273236
2023-10-11,59.127735549300006
2023-10-12,59.432778418599995
2023-10-13,58.345558328
2023-10-16,57.6771093701
2023-10-17,57.5972964641
2023-10-18,57.640501557
2023-10-19,54.564681296399996
2023-10-20,55.0028923436
2023-10-23,54.920700324399995
2023-10-24,54.912086493100006
2023-10-25,55.9352500154
2023-10-26,55.8131105691
2023-10-27,55.943297679299995
2023-10-30,56.001522515
2023-10-31,56.1030142109
2023-11-01,58.9463084797
2023-11-02,58.9325761506
2023-11-03,59.8909015063
2023-11-06,59.92067718199999
2023-11-07,59.2757116504
2023-11-08,59.477050099699994
2023-11-09,59.3722949908
2023-11-10,58.7766482375
2023-11-13,58.3955226649
2023-11-14,58.456789529199995
2023-11-15,58.7507832773
2023-11-16,58.35914398520001
2023-11-17,58.1193362954
2023-11-20,58.4156488538
2023-11-21,59.246365079099995
2023-11-22,58.962763547899996
2023-11-23,59.109041765499995
2023-11-24,58.831612413500004
2023-11-27,58.33463797859999
2023-11-28,58.489152845199996
2023-11-29,58.60021731879999
2023-11-30,59.1310605482
2023-12-01,58.156529046799996
2023-12-04,57.842691386599995
2023-12-05,56.508529639
2023-12-06,56.3441728974
2023-12-07,56.2702633457
2023-12-08,56.393274706899994
2023-12-11,56.211211784999996
2023-12-12,56.6218402481
2023-12-13,55.034910870999994
2023-12-14,54.289502063
2023-12-15,54.5620607388
2023-12-18,55.0887329109
2023-12-19,55.4651086795
2023-12-20,55.26630506
2023-12-21,55.92770474
2023-12-22,55.948801180000004
2023-12-25,55.99093017
2023-12-26,55.906451090000004
2023-12-27,55.83531023
2023-12-28,57.63012206
2023-12-29,57.649724379999995
2024-01-02,56.406908019999996
2024-01-03,56.714358759999996
2024-01-04,55.96514725
2024-01-05,55.83667608
2024-01-08,55.21575647
2024-01-09,55.12824713
2024-01-10,55.095831909999994
2024-01-11,55.25148747
2024-01-12,55.180072859999996
2024-01-15,55.11289214
2024-01-16,55.13401035
2024-01-17,53.22268072
2024-01-18,54.268731089999996
2024-01-19,55.01810059
2024-01-22,55.223927929999995
2024-01-23,54.52196094
2024-01-24,54.82724871
2024-01-25,55.346599860000005
2024-01-26,55.38659507999999
2024-01-29,55.794967039999996
2024-01-30,54.618929
2024-01-31,54.36260093
2024-02-01,54.45529202
2024-02-02,54.034260079999996
2024-02-05,55.12867048
2024-02-06,56.58532237
2024-02-07,57.63459038
2024-02-08,57.50708773
2024-02-19,57.27623118
2024-02-20,56.53325926
2024-02-21,58.11751717
2024-02-22,58.14836108
2024-02-23,58.0373811
2024-02-26,57.31979214
2024-02-27,57.152123689999996
2024-02-28,56.89946130999999
2024-02-29,57.309886459999994
2024-03-01,56.99202834999999
2024-03-04,56.697801659999996
2024-03-05,57.36845733
2024-03-06,56.879753779999994
2024-03-07,56.988140800000004
2024-03-08,56.592394160000005
2024-03-11,57.26238873
2024-03-12,58.76211205
2024-03-13,58.17797504000001
2024-03-14,57.82515191
2024-03-15,57.83259289
2024-03-18,57.55303402
2024-03-19,57.49806198
2024-03-20,57.60934131
2024-03-21,57.62527825
2024-03-22,57.35094391
2024-03-25,56.99799649
2024-03-26,57.702807799999995
2024-03-27,57.44060641
2024-03-28,57.44320005
2024-03-29,57.49789142
2024-04-01,58.0835231
2024-04-02,57.8404342
2024-04-03,57.81724136999999
2024-04-08,56.42089076
2024-04-09,56.24624886
2024-04-10,55.840421129999996
2024-04-11,55.8204833
2024-04-12,55.358753609999994
